{"score": 0.25433644183252924, "coeffs": [-0.8645984417865582, -0.007486305467299235], "intercept": 3.8548748725550612}