{"score": 0.3195735765105622, "coeffs": [-0.6837600225151395, -0.0408167077064264], "intercept": 3.6143575835844555}