{"score": 1.0, "coeffs": [1.0, 1.9999999999999993], "intercept": 3.0000000000000018}