{"score": 0.3595341141200099, "coeffs": [-0.2453132165351985, -0.03569263377849205, -0.017645365275669192, -1.0369009660805255], "intercept": 4.059512654317858}