{"score": 0.3438660572864931, "coeffs": [-0.14806148072352998, -0.007600062161381205, -0.01806561546001231, -1.126653793209152], "intercept": 3.675257005612761}