{"score": 0.25752339566031457, "coeffs": [-0.0028264865115368134, -0.015285284261650272, 0.0, 0.0], "intercept": 1.595184990536265}