{"MSE": 0.5025811791419983, "predicted_labels": [-1.288959264755249, -1.6717355251312256, -1.7202035188674927, -1.2684506177902222, -1.647326111793518, -1.686846375465393, -1.7946138381958008, -2.030209541320801, -1.3231719732284546, -1.438856601715088, -0.8597880601882935, 0.13164284825325012, -0.4546274244785309, -0.2841885983943939, 0.4257200360298157, -1.3417420387268066, -1.8195794820785522, -1.4740110635757446, -0.730846643447876, 0.0035996288061141968, -1.3605561256408691, -1.716781735420227, -0.9217197895050049, -0.7530279159545898, -1.2585524320602417, -0.5057212114334106, -0.8798137903213501, -0.8196206092834473, -0.7199918031692505, -1.7586853504180908, -1.9756566286087036, -0.615115761756897, -0.8388642072677612, -1.9892340898513794, -0.3598776161670685, -0.9511783123016357, -0.9488198757171631, -0.47582942247390747, 0.46749934554100037, -0.9277228116989136, -1.4587254524230957, -2.775895118713379, 0.2323249876499176, -0.3387542963027954, -1.690653920173645, -1.2002860307693481, -0.2133142650127411, -1.1720350980758667, -1.3408536911010742, -2.078436851501465, -0.8912851810455322, -1.0255597829818726, -0.5780599117279053, -1.309658169746399, -2.3354482650756836, 0.22506457567214966, -1.9079722166061401, -0.4945320188999176, -0.2784331142902374, -0.518040657043457, -2.143644094467163, -1.4528690576553345, -0.5573855638504028, -0.18687933683395386, -1.7636715173721313, -0.8588322401046753, -1.3506139516830444, -0.5093142986297607, -0.720099687576294, -0.1567355841398239, -1.8502453565597534, -1.8095899820327759, -1.237783670425415, 0.08022090792655945, 0.3765725791454315, -0.18501746654510498, -1.2511638402938843, -0.9900882244110107, -1.0097050666809082, -1.3779323101043701, -1.7856245040893555, -0.7215055227279663, -1.2966912984848022, -0.8416900634765625, -0.7794082164764404, -2.3764610290527344, -1.9137941598892212, -1.7945142984390259, -1.1891826391220093, -1.2695966958999634, -1.6318529844284058, -1.082039475440979, -1.932553768157959, 0.3523067235946655, -0.7751126289367676, 0.018691912293434143, -0.002796463668346405, -1.3475998640060425, -1.684523344039917, -0.21584968268871307, -1.6587148904800415, -1.7688368558883667, -0.7769235372543335, -1.014954686164856, -0.581104040145874, -1.5081051588058472, -0.8304089307785034, -0.25553470849990845, -0.643057107925415, -0.457247257232666, -1.3546427488327026, -0.2864307165145874, -0.010743707418441772, -1.5270236730575562, -0.7957741022109985, -0.8189626932144165, -0.3851768374443054, -1.9954882860183716, -0.3277703821659088, -0.8585327863693237, -0.9761415719985962, -0.781444787979126, -0.5344630479812622, -1.1196376085281372, -1.4313209056854248, -2.115382671356201, -1.409400224685669, -2.8298463821411133, -1.9140124320983887, 0.3873755633831024, -0.8703733682632446, 0.42267099022865295, -0.6601347923278809, -1.7960424423217773, -0.6720826625823975, -1.5257700681686401, -0.29116684198379517, -1.8030234575271606, -1.712992787361145, -0.18646317720413208, -1.0384068489074707, -2.1766443252563477, -0.7183972597122192, -1.780504584312439, 0.10031506419181824, 0.5884181261062622, -1.1945148706436157, -0.9574198722839355, -0.32260534167289734, -1.1331942081451416, -1.1894021034240723, -0.6889103651046753, -1.9771559238433838, -1.5668604373931885, -0.39978477358818054, 0.09735952317714691, -1.6179249286651611, -1.5868208408355713, -1.1543172597885132, -2.2941551208496094, -1.1439844369888306, -1.7360594272613525, -1.4855395555496216, -0.501327633857727, 0.30931270122528076, -1.4448128938674927, -1.1495846509933472, -0.8433678150177002, 0.16073516011238098, -0.15006184577941895, -2.2927074432373047, -2.2790918350219727, -1.3786265850067139, -0.6676503419876099, -1.6940464973449707, -1.052651047706604, -1.4648188352584839, -1.7070403099060059, -0.5786728858947754, -1.4994370937347412, -2.6275510787963867, -2.405795097351074, -0.6305221319198608, -0.8290971517562866, -0.9777127504348755, -1.2714134454727173, -1.2448927164077759, -1.8509610891342163, -0.9593030214309692, -0.22378729283809662, -0.7182132005691528, -0.7032022476196289, 0.22835001349449158, -1.3100800514221191, -1.1282429695129395, -2.0143399238586426, -0.9679831266403198, 0.2376800775527954, -1.399142861366272, -1.6802042722702026, -1.1304051876068115, -2.5195696353912354, -0.270770400762558, -0.8552522659301758, -1.543936848640442, -0.8869556188583374, -2.075948715209961, -2.412522792816162, -0.07194621860980988, -1.5596498250961304, -1.0256534814834595, -0.8648020029067993, -1.3801971673965454, -2.6923160552978516, -0.0362163782119751, -0.6073565483093262, -1.301161527633667, -0.4830418527126312, 0.5070583820343018, -1.0885083675384521, -0.8327937126159668, -1.7877156734466553, -1.0922750234603882, -0.5850210189819336, -0.6596927642822266, -1.3884859085083008, 0.17210949957370758, 0.3937115967273712, 0.4198437035083771, -2.1762919425964355, 0.20147468149662018, -0.0768754631280899, -1.9776496887207031, -1.7628686428070068, -0.38612496852874756, -1.3131649494171143, -0.17929069697856903, -0.08246734738349915, -2.1347079277038574, -1.7840102910995483, 0.17188125848770142, -0.9707111120223999, -0.019324444234371185, 0.4204113483428955, -1.7804514169692993, -1.5583394765853882, -0.8549786806106567, 0.03974752128124237, -0.03140944242477417, -1.6485323905944824, -1.0093799829483032, -0.6092178821563721, -0.6317766904830933, -0.6752063035964966, -1.3205829858779907, -2.588618278503418, -0.28466203808784485, -1.2570816278457642, -0.91511070728302, 0.3220160901546478, -1.7031034231185913, -0.9823075532913208, -1.005231261253357, 0.17104437947273254, -1.253048062324524, -1.7304199934005737, -1.2853901386260986, -2.288012742996216, -1.6536431312561035, -0.7185925245285034, 0.004175364971160889, 0.23918834328651428, -1.826151967048645, -1.78099524974823, -1.5995726585388184, -1.4180182218551636, -1.7593905925750732, -0.6379913091659546, -0.9219703674316406, -1.4074885845184326, -0.9994337558746338, -0.9053751230239868, -1.741245985031128, -0.9472081661224365, -0.7208801507949829, -0.6373608112335205, -1.837194561958313, -0.794377326965332, -1.8925055265426636, 0.26343488693237305, -0.19128020107746124, -1.2706125974655151, -0.6849045753479004, -2.060098886489868, -0.3793882429599762, -1.2237826585769653, -1.6045337915420532, -0.01426301896572113, -2.6220180988311768, -1.70381760597229, -0.6214601993560791, -1.4318339824676514, 0.24379059672355652, -1.2288984060287476, -0.8458197116851807, 0.14659461379051208, -1.1417752504348755, -0.8684507608413696, -0.3575170040130615, -0.3338140547275543, 0.49293872714042664, -0.8440440893173218, -1.9018688201904297, -1.4757170677185059, -0.7647775411605835, -1.6862684488296509, -0.35127389430999756, -1.2056931257247925, -1.3248008489608765, -1.7774789333343506, -1.36422860622406, -1.9421192407608032, -1.781938910484314, -1.6520146131515503, -1.0051944255828857, -1.2342991828918457, -0.17575372755527496, -0.4199647605419159, -0.712549090385437, -0.8085504770278931, -1.5441607236862183, -0.5427215099334717, -0.9549784660339355, -0.9352563619613647, -0.8364567756652832, -0.658848762512207, -1.0851444005966187, 0.3082793354988098, -1.165614366531372, -2.056844472885132, -0.19898700714111328, -0.552079439163208, -1.7139414548873901, -1.2220338582992554, -1.5173472166061401, -1.5875591039657593, 0.028585821390151978, -1.695487141609192, -0.058580368757247925, -1.9779947996139526, -2.518421173095703, -1.2945753335952759, 0.10075407475233078, -0.7217972278594971, -0.9486986398696899, -0.7303508520126343, -0.2584923207759857, 0.27545982599258423, -1.4628230333328247, -0.6531983613967896, -0.9660612344741821, -0.8907269239425659, -1.8103922605514526, -1.0126665830612183, -0.48477479815483093, -1.0688018798828125, -1.6772140264511108, -0.6246623992919922, 0.23503246903419495, -0.5578348636627197, -0.629576563835144, -0.9575259685516357, -0.7092714309692383, -1.6230524778366089, -0.5138909816741943, -1.0745097398757935, 0.2499786913394928, -1.6058162450790405, -0.34492042660713196, -0.59267258644104, 