{"avg_train_MSE": 0.43268618937581776, "avg_val_MSE": 0.7404733538627625}