{"avg_train_MSE": 0.008877746481448411, "avg_val_MSE": 0.5418003082275391}