{"MSE": 0.5132132172584534, "predicted_labels": [-0.9902632236480713, -1.7004051208496094, -1.3495820760726929, -2.2947819232940674, -0.206730455160141, 0.7130470871925354, -1.1877363920211792, -0.5341755747795105, 0.09823861718177795, -0.47648340463638306, 0.21633167564868927, -0.24591420590877533, -1.968356728553772, -0.38967177271842957, -2.0370562076568604, -0.6101424694061279, -0.8730840682983398, 0.15089917182922363, -0.9227617979049683, -0.29146382212638855, -0.8320431709289551, -0.2985301613807678, -0.675372302532196, -1.7053207159042358, -1.4952667951583862, -0.6317991018295288, -0.11660366505384445, -1.9191455841064453, -1.3440252542495728, -1.839608073234558, -1.364601492881775, -0.6575192809104919, -0.49426358938217163, -1.013836145401001, -0.38648396730422974, -2.5562798976898193, -0.827258288860321, -0.7809547185897827, -1.2074534893035889, -1.7196534872055054, -1.418297290802002, -2.6254196166992188, -0.3333703577518463, -1.1255093812942505, -1.390235424041748, 0.32854005694389343, -0.6559006571769714, -1.0659332275390625, -0.28755077719688416, -0.659717321395874, -0.2292190045118332, 0.26719367504119873, -1.502610683441162, -1.2509925365447998, 0.5709044337272644, -0.35529249906539917, -1.3487743139266968, -0.40424075722694397, 0.40570375323295593, -0.3032728135585785, -2.601957082748413, 1.0111560821533203, -0.7784505486488342, -2.1749067306518555, -1.4621940851211548, -1.489375352859497, -2.038064479827881, -1.5534411668777466, -1.0539544820785522, -0.7098418474197388, -0.7320315837860107, -0.7225396633148193, -0.5556420087814331, -0.7778287529945374, -1.8586738109588623, -2.4482290744781494, -1.2595713138580322, -1.61448335647583, 0.463683158159256, -0.8642669916152954, -1.6516742706298828, -1.6274954080581665, -1.2508883476257324, -1.2610094547271729, -1.049477458000183, -2.0219364166259766, 0.5392401218414307, -0.7515045404434204, -1.478477120399475, -1.3942753076553345, -1.2411657571792603, -1.8878700733184814, -2.066929817199707, -0.3450322151184082, 0.29754742980003357, -1.5454866886138916, -1.4515732526779175, -0.12506453692913055, -2.7917168140411377, -0.56534743309021, -1.3465148210525513, -1.406982421875, -1.3346080780029297, -0.7542581558227539, -1.0955067873001099, -0.1152334213256836, -1.7013165950775146, -1.067319631576538, -0.9431540966033936, -1.7248338460922241, -0.7410120964050293, -1.1990183591842651, -1.0379595756530762, -0.5999807715415955, -1.4132702350616455, -2.0742151737213135, -1.401003360748291, -0.5151196718215942, -1.7338545322418213, -0.010718066245317459, -2.3532254695892334, -1.328629970550537, -0.37840932607650757, 0.25839754939079285, -0.5413504242897034, -2.214416742324829, 0.4347768723964691, -1.7122793197631836, -0.4125519096851349, -2.129689931869507, -0.2776687443256378, -0.6935359835624695, -0.487708181142807, 0.2177099883556366, -0.8414967060089111, -0.5628183484077454, -1.5941672325134277, -2.0745925903320312, 0.38780683279037476, -1.1183204650878906, 0.7648870348930359, -2.1323444843292236, -1.948620080947876, -1.3438905477523804, -1.1198506355285645, -1.9445363283157349, 0.40549519658088684, -0.42036399245262146, -1.3308889865875244, -0.5403834581375122, -0.42317602038383484, 0.29889264702796936, -2.866215229034424, 0.32340019941329956, -0.4602982699871063, -1.3074991703033447, -2.099254846572876, -0.9112040996551514, -1.076053500175476, 0.28326940536499023, -0.2755628526210785, -0.8992347717285156, -2.4655961990356445, -1.0068731307983398, -1.3278769254684448, -0.15386952459812164, -1.4099079370498657, -2.157479763031006, -1.835754156112671, -0.21244129538536072, -1.2312464714050293, -0.42588409781455994, 0.24445505440235138, -1.6782968044281006, -2.003915309906006, -2.0840370655059814, -0.23709966242313385, -1.9985991716384888, -0.5425414443016052, -0.8572131395339966, -1.5354722738265991, -1.0078974962234497, -0.8843210339546204, -0.6886621713638306, -2.540602922439575, -1.2070999145507812, -1.5302294492721558, 0.2416788786649704, -1.9793795347213745, -1.2933872938156128, -2.1475982666015625, -2.2732458114624023, -0.7021847367286682, 0.08237015455961227, -1.2272965908050537, -1.2948700189590454, -2.171712636947632, -0.11850689351558685, -1.7083712816238403, -0.532916784286499, -1.0822240114212036, -1.7132772207260132, -2.1365532875061035, -1.06084406375885, 0.7255199551582336, -1.092774510383606, -0.16516461968421936, -2.222259998321533, -1.7274644374847412, -0.513771116733551, -2.6255857944488525, -1.2978585958480835, -0.4652995765209198, -2.02528715133667, -1.7064505815505981, -0.8778174519538879, 0.025422045961022377, 0.11472230404615402, -0.5255036354064941, -2.7688205242156982, -2.5761260986328125, -1.5184121131896973, -1.680562973022461, -0.8937551379203796, -0.287427693605423, -0.9691410064697266, -0.3546537458896637, -1.642533302307129, 0.14843134582042694, -0.9638863205909729, -1.2955561876296997, -0.4576828181743622, -0.7347865700721741, -1.4330034255981445, -0.8588312268257141, -1.6829543113708496, -1.6385473012924194, -1.213561773300171, -0.12088719755411148, -1.8924219608306885, -1.228303074836731, -0.33101794123649597, 0.2878439426422119, 0.2644636034965515, -1.733158826828003, 0.5876617431640625, -0.5091800093650818, -0.8197129964828491, -1.8110933303833008, 0.05297049507498741, -1.0232046842575073, 0.3300504684448242, -1.910155177116394, -1.881960153579712, -0.52825927734375, -1.523564338684082, -0.20786310732364655, -1.0384224653244019, -0.21003536880016327, -0.021162323653697968, -1.0035382509231567, -1.757422685623169, -0.18803857266902924, -1.9268131256103516, -1.4843477010726929, -1.2895911931991577, -1.3216966390609741, -1.0746005773544312, 0.12765167653560638, -1.1135069131851196, -0.94169020652771, -1.0147786140441895, -1.7197614908218384, -2.1022493839263916, -2.134302854537964, -0.7141001224517822, -1.8840733766555786, -0.34321701526641846, -1.8130766153335571, -0.08500391244888306, -1.5899244546890259, -1.708051085472107, 0.2114979773759842, -1.3742369413375854, -1.5836890935897827, -0.579159677028656, -0.3934463560581207, -0.37950488924980164, -1.7583909034729004, -0.6724823713302612, -1.886862874031067, -1.5504812002182007, -1.885398268699646, -0.4404781460762024, -1.717309594154358, -1.8040542602539062, -1.7703611850738525, -1.4376661777496338, -1.421924114227295, 0.388607382774353, -1.0006473064422607, -2.1636240482330322, -1.4653249979019165, -1.7303807735443115, -1.8615142107009888, 0.3674682080745697, -0.5602262020111084, -0.8654183745384216, -1.7711081504821777, -0.36536335945129395, 0.29540109634399414, -2.0265042781829834, -1.1409921646118164, 0.6475046277046204, -1.258117914199829, -2.3318655490875244, -0.9215011596679688, -0.3955671191215515, -0.155216246843338, -0.5002543926239014, -0.8178780674934387, -0.25285711884498596, -0.9727742671966553, -0.3184673488140106, -1.219278335571289, -0.7239410281181335, -1.3835190534591675, -0.3204141855239868, -0.9578611850738525, -2.1194908618927, -0.5540273189544678, -1.4006662368774414, -0.6673750877380371, -1.0780173540115356, -0.7059245705604553, -2.2475945949554443, 0.5061291456222534, -0.42021796107292175, -1.2600696086883545, -1.5925368070602417, -1.9220324754714966, -1.2189096212387085, -0.1979099065065384, -0.8553792238235474, -2.6405506134033203, -0.8485395312309265, -0.8787376284599304, -0.5641381144523621, -1.3455500602722168, -0.5486559271812439, -1.9790685176849365, -1.2648212909698486, -0.7762858271598816, -2.3015122413635254, -0.6908186674118042, -0.8194659352302551, -2.068676710128784, -1.5689170360565186, -0.5004551410675049, -1.6269844770431519, -1.5914052724838257, 0.15803638100624084, -0.8902865052223206, -0.3404804468154907, 0.11832264810800552, -1.4133002758026123, -1.3311095237731934, -1.6415445804595947, 0.6842137575149536, -0.6981556415557861, -0.09963737428188324, -1.0272462368011475, -1.7531847953796387, 0.36101678013801575, -0.8068335056304932, -0.7009490132331848, -0.10875517129898071, -0.968810498714447, -1.8272727727890015, -1.4943023920059204, -0.5915192365646362, 