{"MSE": 0.5171379446983337, "predicted_labels": [-1.1143208742141724, -0.25478580594062805, -1.2844821214675903, -1.1162753105163574, -1.234947681427002, -2.786689043045044, -0.8729953765869141, 0.057584211230278015, -1.1220941543579102, -1.4178857803344727, -0.2973669469356537, -1.8235529661178589, -0.6376473307609558, -0.6041179895401001, -0.27736255526542664, -0.6393880844116211, -0.5790323615074158, -1.0049797296524048, 0.04475095123052597, -0.8798679113388062, -0.6648839712142944, -0.000754334672819823, -2.348712205886841, -0.21591679751873016, -0.45718473196029663, -0.752003014087677, -2.7340478897094727, -1.277970314025879, -1.6233164072036743, -0.18363548815250397, -1.3910595178604126, -0.6266186833381653, -0.5929809808731079, -0.9751909971237183, -0.9719061851501465, -1.8319976329803467, -1.968644618988037, -0.5175032615661621, -0.5892782211303711, -1.0240901708602905, -1.1687102317810059, -1.4873801469802856, -0.2634694278240204, -2.3855769634246826, -0.7530155777931213, -2.2426552772521973, -1.6567810773849487, -0.017599882557988167, -0.25013473629951477, -2.6209959983825684, -1.4268532991409302, -2.2696452140808105, -1.3148201704025269, -0.4689674377441406, 0.5535979866981506, -1.4443808794021606, -0.2606584131717682, 0.16620975732803345, -1.2027480602264404, -1.0895445346832275, -1.3286261558532715, -0.4581822454929352, -1.0962321758270264, -1.5373053550720215, -1.399949073791504, -0.6508042812347412, 0.2098131775856018, -1.4695050716400146, -0.9365835189819336, -2.2235567569732666, -0.8004855513572693, 0.2268221080303192, 0.3416491448879242, -0.26366275548934937, -0.17655137181282043, -0.9802520871162415, -3.4403061866760254, -1.334236741065979, -0.7851192951202393, -0.49027833342552185, -1.536757469177246, -1.4038338661193848, 0.1383630782365799, -2.044938087463379, -0.39892759919166565, -1.9571384191513062, -0.4479374289512634, -1.581420660018921, -0.7115132212638855, -0.5753960013389587, -1.0241771936416626, -1.7274377346038818, -1.973684310913086, -1.1952091455459595, -1.056410551071167, -0.10043244808912277, -1.3432674407958984, -1.0251796245574951, -1.0623847246170044, -2.0656630992889404, -0.7143775820732117, -0.8819885849952698, -1.403879165649414, 0.12465717643499374, -0.27777835726737976, -2.2443766593933105, -0.4325350821018219, -1.6465996503829956, -1.9406949281692505, -0.5450009703636169, -0.854238748550415, -1.6829676628112793, -1.5595016479492188, -1.1072912216186523, -0.38958826661109924, -1.4557392597198486, -2.963060140609741, -0.902489423751831, -0.2057340294122696, -1.7596664428710938, -0.30419835448265076, -1.5029631853103638, -0.6565887331962585, -0.26641568541526794, -1.771927833557129, -1.1009094715118408, 0.16769318282604218, -2.290130376815796, -0.07329843193292618, -1.7623088359832764, -1.4774278402328491, -0.1369052529335022, -1.4673044681549072, -1.4979256391525269, -1.8425689935684204, -0.14699141681194305, -2.2744174003601074, -0.2441263496875763, -2.442671298980713, -0.9293538331985474, -1.8625314235687256, -1.0874472856521606, -0.5773558616638184, -0.1909961849451065, -1.4567755460739136, -0.39843234419822693, -2.388172149658203, -1.0129750967025757, -1.3323936462402344, -0.07178018987178802, -1.7204564809799194, -0.33811673521995544, -0.7742371559143066, -0.40399736166000366, -1.656172275543213, -0.37455546855926514, -0.27328404784202576, -0.754203200340271, -1.0757222175598145, 0.17083220183849335, -0.07583241164684296, -0.14495593309402466, -0.28895649313926697, -1.065661907196045, -1.3008654117584229, -2.0298500061035156, -0.44828081130981445, -1.5530561208724976, -0.810848593711853, -1.6390682458877563, -0.47620052099227905, -0.5286610126495361, -0.19021807610988617, -1.6522281169891357, -1.5422548055648804, -2.5342142581939697, -0.3742453455924988, -2.0778989791870117, -1.136709451675415, -1.2442796230316162, -2.3007147312164307, -0.12069956213235855, -1.957314133644104, -0.8305968642234802, -1.0767916440963745, -1.9380985498428345, -0.5873695015907288, -1.1700505018234253, -0.7364933490753174, -1.8553216457366943, -0.9450931549072266, -0.6857706904411316, -0.46106216311454773, -1.7915221452713013, -0.6811467409133911, -1.6447536945343018, -0.9592234492301941, -0.6354907751083374, -1.2694810628890991, -0.9466816782951355, 0.2516227960586548, -0.5456917881965637, -1.030248761177063, -2.157911539077759, 0.19729821383953094, -1.8130574226379395, -0.34753361344337463, -0.7254770398139954, -1.264288306236267, -0.7447329163551331, -1.1007105112075806, -1.9570311307907104, -0.23067262768745422, -0.27787908911705017, -0.07082211226224899, -1.3703168630599976, -0.09103872627019882, -1.8931519985198975, -0.2661360800266266, -0.9904284477233887, -0.5364856719970703, -1.6315224170684814, 0.28789108991622925, -0.9981788396835327, -0.25563329458236694, -0.13088618218898773, 0.1782788634300232, -1.445906162261963, -2.3621652126312256, -0.9644876718521118, -1.3706111907958984, -1.1868077516555786, -0.9575082063674927, -1.1904569864273071, -0.6285859942436218, -1.5876270532608032, -1.805640697479248, 0.6115506887435913, -0.0986856073141098, 0.10791753977537155, -0.01733768731355667, -1.5629212856292725, -0.5916823148727417, -1.7999051809310913, -1.595191240310669, -1.0802044868469238, -1.6380376815795898, -1.1947988271713257, -0.3610362410545349, -1.105316162109375, -0.5751473903656006, -1.802777647972107, -0.8726984858512878, 0.026405535638332367, -1.0279461145401, -0.16902121901512146, -0.9879702925682068, -0.6708787083625793, -1.8601223230361938, -0.8666460514068604, -1.871471881866455, -1.771419644355774, -0.9495757222175598, -0.8819913268089294, -1.086072325706482, -1.133474588394165, -0.9741351008415222, -0.3085290789604187, -2.7119507789611816, -0.7201082706451416, -0.9574248194694519, -1.17113196849823, -1.1572928428649902, -1.1576846837997437, -0.619841992855072, -0.895828127861023, -1.561759114265442, -1.1460528373718262, 0.32709717750549316, -1.2811479568481445, -1.5599628686904907, -2.5632359981536865, -1.1269665956497192, -0.4615749716758728, -1.386177659034729, -1.392600655555725, -1.3178693056106567, -0.21222899854183197, -1.0235120058059692, -0.19922712445259094, -1.3408634662628174, -1.339848279953003, -0.3234323561191559, -1.902909278869629, -0.12282101064920425, -1.0476609468460083, -1.2904952764511108, -1.1349406242370605, -1.047501564025879, -1.3432103395462036, -1.1380895376205444, -2.163518190383911, -1.126357913017273, -1.4543306827545166, 0.13518132269382477, -0.11025474220514297, 0.40799981355667114, -0.846288800239563, -0.6622219085693359, -2.115783929824829, -0.549271285533905, -1.6387405395507812, -0.3719189167022705, -1.325472354888916, -0.31211891770362854, -2.101956367492676, -2.5268733501434326, -1.1754826307296753, -1.819431185722351, -1.1017621755599976, -0.9692072868347168, -2.528815269470215, -1.3971216678619385, -2.4165797233581543, -0.2180057317018509, -0.979645311832428, -0.7903696298599243, -0.7051944136619568, -1.6701804399490356, -1.992823600769043, -1.5924041271209717, -0.3996093273162842, -0.8840528726577759, -2.8957631587982178, -0.6579844951629639, -0.7986269593238831, -1.7336941957473755, -0.7041485905647278, -1.3102519512176514, -2.3263323307037354, -0.6051468849182129, -2.02538800239563, -1.3256500959396362, -0.66936856508255, -1.2998965978622437, -2.0271050930023193, -1.5305651426315308, -1.2434654235839844, -1.650830864906311, -1.1138408184051514, -0.5984045267105103, -1.0036356449127197, -0.40214574337005615, -0.4214846193790436, -2.275376558303833, 0.10492561012506485, -2.2474021911621094, -1.5587408542633057, -0.5936776995658875, -0.1183471754193306, -1.6899727582931519, -1.7072105407714844, -0.17480210959911346, -0.1782822608947754, -0.3337688446044922, 0.1502373069524765, 0.3076021671295166, -1.2527174949645996, -0.4701589047908783, -0.6238887906074524, -1.390306830406189, -1.5519243478775024, -0.20696134865283966, -0.6718035936355591, -0.6012485027313232, -0.9821978211402893, -2.1940438747406006, -0.4303334653377533, -1.4823745489120483, 