{"MSE": 0.4560883045196533, "predicted_labels": [-2.7593765258789062, -2.1588761806488037, -1.2009268999099731, -2.614933729171753, -1.0477709770202637, -2.136972427368164, -0.13379575312137604, 0.08305694162845612, -0.2786574959754944, -1.0853095054626465, -0.3685556650161743, -0.8710954785346985, 0.08305694162845612, -0.27765047550201416, -0.26965951919555664, -0.12381616234779358, -1.9109468460083008, -0.7897408604621887, -1.289772629737854, -0.3834362030029297, -0.9061551094055176, -1.737955093383789, -1.9466328620910645, -2.052258014678955, -2.665205240249634, 0.08305694162845612, -0.3422445058822632, -0.5311046838760376, -1.268107295036316, -1.0545319318771362, -0.6251964569091797, -2.7892138957977295, -0.957077145576477, -2.4204554557800293, 0.08305694162845612, -2.615717887878418, -2.1284682750701904, 0.08305694162845612, 0.08305694162845612, 0.08305694162845612, 0.08305694162845612, 0.08305694162845612, -0.5599940419197083, -0.970689058303833, -1.4324229955673218, 0.05759330093860626, -0.5865590572357178, -1.002743124961853, -1.6110786199569702, -0.38197803497314453, -0.4454074501991272, -1.1718089580535889, 0.08305694162845612, -1.4368599653244019, -0.20226053893566132, -1.1973391771316528, 0.08305694162845612, 0.02387573942542076, 0.08305694162845612, 0.08305694162845612, -0.24893195927143097, -1.9146497249603271, -2.10965895652771, -0.05214853584766388, -2.2354657649993896, 0.08305694162845612, -1.4129480123519897, -0.2789936065673828, -3.2563915252685547, -1.2071393728256226, -1.893446922302246, -2.0227200984954834, 0.043723948299884796, -2.3797783851623535, -1.4251359701156616, -0.6962201595306396, 0.08305694162845612, 0.08305694162845612, -0.8177046775817871, 0.08305694162845612, 0.08305694162845612, -0.08131685853004456, -2.0552167892456055, -0.1211981475353241, 0.08305694162845612, -0.0884871631860733, -1.0643563270568848, -1.3667877912521362, -1.4981915950775146, -2.3021554946899414, -1.2322790622711182, -1.8013057708740234, -1.5849930047988892, -0.05810628831386566, -1.1389405727386475, 0.08305694162845612, -0.14822591841220856, -1.7759681940078735, -1.7263619899749756, -1.7963547706604004, -2.157639980316162, -1.3284605741500854, -1.7025372982025146, -3.2572898864746094, -0.057478681206703186, -0.5390744805335999, -2.39993953704834, -1.0415009260177612, -0.28985846042633057, -1.3208411931991577, -1.8280218839645386, -0.765346884727478, -0.7178663015365601, -0.5233211517333984, -0.7583879232406616, -1.2345237731933594, -1.1808563470840454, -0.1502051204442978, -1.1443699598312378, -1.4105287790298462, -1.2456963062286377, -1.0263469219207764, -2.4546773433685303, -0.2323843091726303, -2.541428327560425, -1.6695802211761475, -1.835153341293335, -0.37718701362609863, -1.5820759534835815, -0.5546631217002869, -0.764329195022583, -1.6558513641357422, -2.247640609741211, -1.3226629495620728, -1.7857027053833008, -1.426854133605957, -2.565953493118286, -2.42309308052063, 0.08305694162845612, -1.050903558731079, -0.8738620281219482, -1.6438122987747192, -0.25667065382003784, -0.1816108673810959, -0.23686270415782928, -0.009061343967914581, -0.3367915153503418, -1.5297108888626099, -1.3573033809661865, -0.94225013256073, -0.7429713010787964, -1.5164903402328491, 0.08305694162845612, 0.08305694162845612, -1.4708397388458252, -0.9699461460113525, -3.109351873397827, -0.12300412356853485, -1.293466329574585, -1.0689533948898315, -0.15960074961185455, -0.10740463435649872, -0.8195219039916992, -2.3489201068878174, 0.08305694162845612, -1.7397644519805908, -2.2449779510498047, -0.10970406234264374, -1.3887511491775513, -0.27912014722824097, -0.22896863520145416, 0.08305694162845612, -0.13828089833259583, -0.9510669708251953, -0.11524985730648041, -0.3182715177536011, -0.8014055490493774, 0.04108928516507149, -1.841950535774231, -2.622339963912964, -2.6855039596557617, -1.2303634881973267, -1.394417643547058, -0.6988765597343445, -1.9428026676177979, -0.3365299701690674, 0.02593851089477539, -1.1415766477584839, -2.1275341510772705, -1.3602361679077148, -1.1794729232788086, -2.87737774848938, -0.5326944589614868, 0.08305694162845612, -0.1170579195022583, -0.2236231416463852, -2.2254319190979004, -2.26808762550354, -1.2672041654586792, -0.9411494731903076, -1.821121096611023, -0.0690714567899704, -1.1536226272583008, -1.071449637413025, 0.08305694162845612, -0.326424777507782, -2.048208236694336, -1.8272706270217896, -1.0084680318832397, -0.43619561195373535, -2.405762195587158, -0.43053585290908813, -0.23923461139202118, -2.6106395721435547, -1.2075209617614746, -1.177552342414856, -1.6158857345581055, -0.2460513859987259, -1.8045876026153564, -2.040811061859131, -0.6819653511047363, -0.796848475933075, -2.1697301864624023, -1.782473087310791, -1.1671676635742188, -1.5731563568115234, -0.7614823579788208, -3.0075154304504395, -1.2837713956832886, -1.2400901317596436, -0.904335618019104, 0.006774373352527618, -1.239849328994751, -2.0794665813446045, -0.9835999011993408, 0.08305694162845612, -0.938500165939331, -2.6888654232025146, -0.31650614738464355, -2.4071438312530518, 0.08305694162845612, -1.5479729175567627, -1.7480112314224243, -1.1362290382385254, -0.9329780340194702, 0.08305694162845612, -0.9015973806381226, -1.0084295272827148, -2.220720052719116, -0.2677273154258728, -2.1728813648223877, -1.8208485841751099, -0.9909645318984985, 0.08305694162845612, -2.317906618118286, -1.0942816734313965, -0.23177726566791534, 0.006551101803779602, -1.4400564432144165, -0.133494034409523, -0.6117441654205322, -0.9240370988845825, -0.4705584645271301, -2.591230630874634, -1.0171560049057007, -0.5740084052085876, -0.22232310473918915, -2.013812303543091, -0.7829563021659851, -0.6181744337081909, -1.6036508083343506, -0.2567133903503418, -1.6087627410888672, -2.0119433403015137, -2.4507718086242676, -2.1359715461730957, -0.2956286072731018, -0.7849793434143066, -0.3161320686340332, -0.5563111305236816, -1.1364210844039917, -0.9512066841125488, -0.9720044136047363, -0.895023763179779, -1.3369818925857544, -1.0089211463928223, -0.30328983068466187, -1.6120713949203491, -1.6778595447540283, -0.8348883986473083, -0.5742983222007751, -0.14609362185001373, -0.5749701857566833, -0.39951276779174805, -0.3126069903373718, -1.3798696994781494, -1.5114712715148926, -1.2602345943450928, -0.36429816484451294, -1.206508994102478, -1.1414885520935059, -0.6428367495536804, -2.044835329055786, -0.6750688552856445, -0.2423108071088791, -0.38309246301651, -0.9934022426605225, -2.3480429649353027, -1.5225085020065308, -1.2932205200195312, -1.5244613885879517, -1.0832650661468506, -0.2699568271636963, -1.9938945770263672, -1.10146164894104, -0.7431333065032959, -1.1421997547149658, -0.761719822883606, 0.048855412751436234, -1.1646779775619507, -2.1242334842681885, -2.75525164604187, -1.982905626296997, -0.948162317276001, -1.7067382335662842, -0.5386736392974854, -2.19465970993042, 0.08305694162845612, 0.08305694162845612, -1.1715575456619263, -0.6635988354682922, -1.0419228076934814, 0.08305694162845612, -1.7796634435653687, -0.20915652811527252, -1.1158876419067383, -1.9786906242370605, -1.272525429725647, -0.4307008385658264, 0.08305694162845612, -1.445908784866333, 0.08305694162845612, -1.9262797832489014, 0.08305694162845612, -0.7958649396896362, -1.7028613090515137, -0.7262861132621765, -2.5899481773376465, -1.5390878915786743, -0.9102558493614197, -2.26874041557312, -0.5777736902236938, -2.161952495574951, -0.7704408168792725, -1.3571958541870117, -2.135450601577759, 0.08305694162845612, -1.8760443925857544, -0.8226885199546814, -0.09476839005947113, -1.770541787147522, 0.08305694162845612, -1.2303181886672974, -1.2708251476287842, -0.22669856250286102, -2.354522466659546, -0.6488204598426819, -0.8205355405807495, -0.019842855632305145, -1.143494725227356, -0.689923882484436, -1.3771426677703857, -0.8993912935256958, -2.2647879123687744, -2.715872049331665, 0.08305694162845612, -0.8268857598304749, -0.13337695598602295, -1.895249366760254, -2.09513521194458, 