{"MSE": 0.4368927776813507, "predicted_labels": [-1.263724446296692, -2.2972700595855713, -2.0137104988098145, -0.23524706065654755, -1.2545225620269775, -0.10567279160022736, -2.234886646270752, -2.405927896499634, -2.002383232116699, -1.9368966817855835, -1.176267385482788, -0.985435962677002, -1.2092036008834839, 0.13693177700042725, -1.7804665565490723, -1.277478814125061, -2.1692850589752197, -1.083882451057434, -1.0626003742218018, 0.17327678203582764, -0.7193236351013184, -2.93371844291687, -1.0580722093582153, -1.2505497932434082, -2.2367095947265625, -1.5126322507858276, -0.962689995765686, -0.6370947360992432, -1.6584833860397339, 0.621802806854248, 0.19523397088050842, 0.23635834455490112, 0.20855461061000824, -0.9428771138191223, -0.12740130722522736, -0.866706132888794, 0.6528918743133545, -1.0931261777877808, -1.2654355764389038, -0.2503108084201813, -2.073141098022461, -2.4369561672210693, -1.577428936958313, -2.2124667167663574, -2.0656988620758057, -0.8818562030792236, -0.6999574899673462, -0.44296738505363464, -0.5937469005584717, 0.6803969144821167, 0.058071404695510864, -1.9041900634765625, 0.9252642393112183, -0.24350187182426453, -0.6623866558074951, 0.4259921610355377, -0.8832828402519226, -1.4840914011001587, -1.3216339349746704, -0.2613775432109833, -0.8152722120285034, -1.2231624126434326, -1.535097599029541, -1.0024497509002686, -1.090800166130066, -0.007302938029170036, -2.7058157920837402, -0.9346766471862793, -0.6502578854560852, -1.5824705362319946, -2.668705940246582, -0.9060794711112976, 0.08547358214855194, -2.3460583686828613, -1.4186148643493652, -0.9148455262184143, -1.4922358989715576, -1.1593680381774902, -0.7616486549377441, -1.4498635530471802, 0.6892990469932556, 0.9828222393989563, -2.123856782913208, -0.6329070329666138, -1.8659677505493164, -1.4597158432006836, -1.0753602981567383, -0.7980543971061707, 0.6821218729019165, -1.7929551601409912, -1.7565058469772339, 0.6496226787567139, -1.6728589534759521, 0.6517965793609619, -0.8040210008621216, -1.8208777904510498, -0.594904899597168, -0.5936411619186401, 0.0002564059104770422, -0.06816183030605316, -2.149324655532837, -1.2064144611358643, -0.32008111476898193, -1.0960824489593506, 1.0547282695770264, -0.6511179208755493, -0.09166805446147919, 0.14006653428077698, -0.43311771750450134, -1.3062653541564941, -1.3991951942443848, -2.5041515827178955, -1.5703535079956055, 0.5913510918617249, -0.136778324842453, -1.2401787042617798, -2.635422706604004, 0.5378859043121338, -0.9495491981506348, -0.015581650659441948, -1.9474339485168457, -1.3702023029327393, -1.7455801963806152, -2.3690245151519775, 0.824312150478363, -2.7785985469818115, -0.5894384384155273, 0.12506850063800812, -0.7942883968353271, -0.8421280384063721, -1.389370322227478, -0.6886407732963562, 0.21263132989406586, 0.34955909848213196, -2.1728129386901855, -0.3321782648563385, -0.4837452471256256, -0.2992423176765442, -0.7240036129951477, -0.7206599712371826, 0.720111608505249, -1.3637394905090332, -1.422987699508667, -0.49424219131469727, -0.279356449842453, -1.640979528427124, 0.890140950679779, -1.1324361562728882, 0.21456986665725708, -2.2975757122039795, 0.042401090264320374, -1.2876718044281006, -1.8569697141647339, -1.4248806238174438, -1.767343282699585, -1.164985179901123, -1.0187842845916748, -0.8179517984390259, -1.8432600498199463, -1.6393331289291382, -0.07918079197406769, -2.2678613662719727, -1.8773804903030396, -3.134786605834961, -1.5648529529571533, -1.6008630990982056, 0.6846345067024231, 0.6621682643890381, 0.2492600977420807, -1.3993200063705444, -0.14881275594234467, -0.28339770436286926, -1.251938819885254, -1.75333833694458, -0.34163138270378113, -0.4744318425655365, -1.2516814470291138, -0.5815072655677795, 0.03888790309429169, -1.020787000656128, -0.6529843807220459, 0.7896860837936401, -1.346977949142456, -0.5436902046203613, -1.304185152053833, -0.5273128747940063, -1.9323127269744873, -0.8928043246269226, -1.970786690711975, -0.7642698287963867, -0.6320893168449402, -0.49692508578300476, -0.6620386838912964, -0.528641402721405, -0.5972363352775574, -0.325374573469162, -1.1502306461334229, -0.34465330839157104, -0.9833632111549377, -1.121532917022705, 0.6677981615066528, -0.11481642723083496, -0.625402569770813, 0.05846524238586426, 0.1779119223356247, -0.7474374771118164, -1.4899688959121704, 0.5385909080505371, -0.9425980448722839, -0.22354236245155334, -0.7584986090660095, 0.14695775508880615, -1.2925711870193481, 0.22439813613891602, -1.6733078956604004, -1.1072086095809937, -0.5781584978103638, -1.1157255172729492, -0.37506046891212463, -0.33488085865974426, -1.1375641822814941, -0.9721400737762451, 0.7819089293479919, -1.6264479160308838, -0.7944172024726868, 0.07567267119884491, -1.1143889427185059, -0.49016931653022766, -1.4189366102218628, -0.7978610992431641, -0.002569390693679452, -0.5342646241188049, -1.248070478439331, -1.2003192901611328, -1.1311241388320923, -0.2566627264022827, 0.7024739384651184, -0.45920082926750183, -0.47754546999931335, -0.9083680510520935, -0.927280068397522, 0.4859599173069, -0.5936326384544373, -1.6939195394515991, -0.8415840864181519, -1.2839435338974, 0.12673228979110718, 0.9569926857948303, -1.741213083267212, -2.0403127670288086, -1.675098180770874, -0.8690390586853027, -0.19977304339408875, -0.9362844824790955, -2.995081901550293, -0.20005282759666443, -1.042635202407837, 0.09563449025154114, 1.175538182258606, -0.8515174984931946, 0.8730149865150452, -2.560243606567383, -2.001993417739868, -2.7270286083221436, -1.5130701065063477, -0.16364750266075134, -0.4395080804824829, -0.7161325216293335, 0.48993149399757385, -0.6524375677108765, -1.5063925981521606, -0.9753897190093994, -1.022552490234375, -2.39019775390625, -0.07097300887107849, -2.7381246089935303, -1.9163621664047241, -0.05675050616264343, -1.4798234701156616, -0.6416729092597961, -0.27672043442726135, -1.2469594478607178, -1.0421580076217651, -1.0161409378051758, -1.1605603694915771, -0.4785562753677368, -1.732358455657959, 0.010540010407567024, -1.0834639072418213, -2.3507633209228516, -0.38351142406463623, -0.6783890128135681, -3.2109081745147705, -0.9395611882209778, -1.5646235942840576, -0.3537774980068207, -0.8934913873672485, -0.5404447913169861, -1.330569863319397, -0.4870746433734894, -1.0217976570129395, -0.10318824648857117, 0.009276511147618294, -0.7616182565689087, -0.9461384415626526, -0.00880141369998455, -0.5212622880935669, -0.9446772336959839, -0.29188355803489685, -1.0058783292770386, 0.27582964301109314, -0.9910163879394531, -1.9902269840240479, -2.0142812728881836, -1.518681287765503, -1.8709266185760498, -0.8129180669784546, -1.3587030172348022, -1.7445318698883057, 0.34406211972236633, -0.6364603042602539, -0.8759740591049194, 0.1345311403274536, -2.1936419010162354, 0.5715552568435669, -1.682831883430481, -1.5816798210144043, 0.5673336386680603, -2.1083004474639893, -1.9132318496704102, -1.277186632156372, -1.3255584239959717, -0.4734032452106476, -0.0407898873090744, -0.6929585337638855, -2.2499239444732666, 0.8815418481826782, 0.550462543964386, -1.4951363801956177, -0.7735909223556519, -1.5540927648544312, -0.3573676645755768, -0.3706628978252411, -0.6215587854385376, -0.6278229355812073, -0.022720811888575554, -0.8230627775192261, -1.255757451057434, -0.16891446709632874, -0.6698682308197021, -1.4500815868377686, -1.9752283096313477, -0.004090709611773491, -0.31207379698753357, -2.698617458343506, -0.5081517696380615, -1.8321478366851807, -1.5832737684249878, -1.332863688468933, -1.559361457824707, -1.163657546043396, -0.5112663507461548, -0.02945244126021862, -0.07336148619651794, -1.6260583400726318, -1.5173789262771606, -0.6983222365379333, 0.7090233564376831, 0.002095209201797843, 0.3918035328388214, -1.3941105604171753, -0.9176380634307861, 0.005396859720349312, -1.0184955596923828, -1.2973060607910156, -0.06877847015857697, -2.066865921020508, -0.3369441628456116, 1.019302487373352, -1.0511821508407593, -1.3210947513580322, 