{"MSE": 0.557133674621582, "predicted_labels": [-1.6253390312194824, -1.5561400651931763, -0.5738559365272522, -0.05807839706540108, -2.400202751159668, -2.1514859199523926, -2.261451244354248, 0.08096060156822205, 0.6488853096961975, -0.4975282549858093, -1.0137383937835693, -0.17381562292575836, -0.9453164339065552, -0.5447814464569092, -0.9069079756736755, -0.2716926038265228, -1.0114099979400635, -1.1681058406829834, -1.5212209224700928, -1.1090017557144165, -0.9553059339523315, -1.182222843170166, -2.3506734371185303, 0.4465089440345764, -0.8401263356208801, -0.14237818121910095, -0.9311540722846985, -1.3189610242843628, -2.21052885055542, 0.032846901565790176, -0.9808284640312195, -0.17290373146533966, -1.1255614757537842, 0.8266730308532715, -0.20957909524440765, -1.1372928619384766, 0.209225594997406, -0.690847635269165, -0.5069387555122375, -0.8978062868118286, -0.889715313911438, -0.36005595326423645, -0.7546628713607788, -2.252678632736206, -1.710085153579712, -0.44920817017555237, -0.023362426087260246, -1.1617780923843384, -0.4154650866985321, -1.6783390045166016, -0.26268404722213745, -2.046607732772827, -0.45709386467933655, -1.4312669038772583, -0.45428940653800964, -2.015394449234009, -0.8153372406959534, -2.478410243988037, -0.4616799056529999, -0.8862311840057373, -1.456458330154419, 0.2504653036594391, -0.676785409450531, -1.0669143199920654, -0.9221416711807251, -1.0592705011367798, -0.3412156105041504, 0.3133687674999237, -1.0038014650344849, -1.7904014587402344, 0.24237923324108124, -1.1267142295837402, -0.8531714677810669, -0.8743475079536438, -1.8988611698150635, -1.5277026891708374, -1.7378028631210327, -0.5070273280143738, 0.2577073574066162, -0.3940647840499878, -0.7492584586143494, -1.338539719581604, -0.3299851417541504, -1.5804345607757568, -2.0458009243011475, -2.6534218788146973, -1.9074186086654663, -0.9287016987800598, -0.9360313415527344, -0.7198069095611572, -0.28432539105415344, 0.13940100371837616, -1.5185920000076294, -1.0203648805618286, -1.2014563083648682, -1.337380051612854, -0.5024340748786926, -1.1483190059661865, -0.17939630150794983, -0.8596512079238892, -0.9462828040122986, -1.2391777038574219, -1.2600589990615845, 0.40413105487823486, -0.8484352827072144, -0.31455251574516296, -0.8454111814498901, -1.0685802698135376, -0.3004227578639984, -0.5708485841751099, -1.6118258237838745, -0.0005143992602825165, -0.35626646876335144, -1.1860146522521973, -1.1067982912063599, -0.7563386559486389, -0.7301580309867859, -0.3110988736152649, -1.5384074449539185, -0.23484453558921814, -2.0363662242889404, -2.5365519523620605, -0.8442580699920654, -2.01584529876709, -1.3617359399795532, -0.5560838580131531, -1.4824787378311157, -0.7983493804931641, -0.9222791194915771, -0.433441698551178, -0.25589612126350403, -1.261212944984436, 0.016141533851623535, -2.0935592651367188, -0.360413134098053, -0.23785191774368286, -0.6335167288780212, 0.29325488209724426, -1.675337791442871, -0.4418458640575409, -0.8705836534500122, -0.8634564876556396, -1.0783568620681763, -1.9605520963668823, -0.37515756487846375, -0.3102399706840515, -1.0138907432556152, -0.9495342373847961, -1.3697112798690796, -1.1461228132247925, -1.6118758916854858, -0.9681730270385742, -0.257026344537735, -0.19989705085754395, -0.03215215355157852, -0.6188809871673584, -1.323647379875183, -0.07179190218448639, -0.9745060801506042, -1.2483422756195068, -0.7804557085037231, -0.8702539801597595, -0.221480131149292, -1.6422518491744995, 0.07563859224319458, -0.04433003067970276, -2.5709500312805176, -0.5183572173118591, -0.6157563328742981, -0.5248885154724121, -1.2282556295394897, -0.7088811993598938, -0.9592065215110779, -0.7166057229042053, -0.7316598296165466, -1.4065032005310059, -1.8244237899780273, -0.7417928576469421, -0.07785309851169586, -1.2032219171524048, -2.172370195388794, -1.6575496196746826, -2.009108543395996, 0.024003449827432632, -0.25581005215644836, -1.5709843635559082, -1.6316924095153809, 0.3967655301094055, -1.318779468536377, -0.7737048268318176, -0.4323398768901825, -2.5425524711608887, -2.179791212081909, -2.6051888465881348, -1.1442068815231323, -2.683993339538574, -1.3632954359054565, -0.2321809083223343, -1.3878554105758667, -1.028208613395691, -0.9203538298606873, -1.8690540790557861, -0.44620281457901, -0.9324436187744141, -1.1090171337127686, -2.7902743816375732, 0.3316466212272644, 0.13935312628746033, -0.20928575098514557, -0.5528938174247742, -0.9800115823745728, -2.708765983581543, -1.2366101741790771, -2.2753143310546875, 0.41227617859840393, -1.1608542203903198, -0.9568822383880615, -0.5883875489234924, -1.4190956354141235, -0.6229876279830933, 0.6691886782646179, -0.9002966284751892, 0.11608763039112091, -0.9926570057868958, -0.1966601461172104, -0.4165479242801666, -1.0732624530792236, -1.0419385433197021, -0.8552538156509399, -1.2330543994903564, -1.0277010202407837, -0.14139530062675476, -0.26684343814849854, -0.6507530212402344, -0.797182023525238, -0.5553280115127563, -0.7638517618179321, -0.34900861978530884, -1.2926414012908936, 0.12242449820041656, -1.7572658061981201, -0.7950204610824585, -0.5436073541641235, -0.6822460293769836, -0.8340237140655518, -0.6567395329475403, -0.8310688734054565, 0.19953489303588867, -0.2308797836303711, -1.6134264469146729, -0.5328114032745361, -0.7076272964477539, -0.3684382736682892, -1.534921646118164, -1.3775912523269653, -1.2329065799713135, 0.42264729738235474, -0.9020903706550598, 0.18190878629684448, -0.6552894115447998, -1.3685479164123535, -2.3724100589752197, -1.4105898141860962, -1.5879464149475098, 0.08005161583423615, -0.7792166471481323, -0.052970271557569504, 0.4562512934207916, -1.504049301147461, -0.3009212017059326, -1.347904086112976, -0.4366777241230011, -2.228630542755127, -0.37181293964385986, 0.0867958664894104, -1.1403300762176514, -1.1442689895629883, -0.11642532050609589, -0.6179174780845642, -0.9571287631988525, -2.1077332496643066, -1.1765573024749756, -0.8632375597953796, -1.1477612257003784, 0.34334784746170044, -0.5688836574554443, -1.1048916578292847, -0.8403642177581787, 0.0807553231716156, -0.5526956915855408, -0.7086754441261292, -2.0490193367004395, -2.003993034362793, -0.3229703903198242, -0.5633020997047424, -0.4860537350177765, -1.285804033279419, -0.47368717193603516, -0.5364763140678406, -2.245025873184204, 0.27122968435287476, -0.07920466363430023, -0.38467198610305786, -1.2101646661758423, -0.7257911562919617, -2.1328771114349365, -1.5592061281204224, -1.3203216791152954, -2.2987756729125977, -0.32938677072525024, -0.7998356819152832, -1.9896923303604126, -0.03979140520095825, -1.4096640348434448, -0.7457845211029053, -2.116884708404541, -2.2234227657318115, -0.43748772144317627, -1.5060279369354248, -0.08957555890083313, -0.6546674966812134, -1.1184649467468262, -0.22172649204730988, 0.11429335176944733, -0.7867864966392517, -1.3332736492156982, -2.976229190826416, -1.1839998960494995, -0.9986826181411743, -0.9174327850341797, -0.8010358214378357, -0.9705016016960144, -0.7196234464645386, -0.016816014423966408, -0.165084570646286, -0.46658313274383545, 0.2927842140197754, -1.6143988370895386, -0.8298302888870239, -1.6436392068862915, -0.8509101867675781, -1.031567931175232, -1.1824172735214233, -2.6077237129211426, -2.5513863563537598, -1.9188952445983887, -1.5627809762954712, -0.43356987833976746, -0.09535254538059235, -0.9442837238311768, -0.4397640824317932, -1.9279268980026245, -1.0471553802490234, -0.4884781837463379, -0.6474551558494568, -1.5055651664733887, -1.0168344974517822, -0.032846372574567795, -0.050718873739242554, -1.1598633527755737, -0.7211405038833618, -0.0421612486243248, -1.8241139650344849, -1.5759552717208862, -1.2299737930297852, 0.01855964958667755, -0.09732648730278015, -1.630472183227539, 0.14453062415122986, -0.5032355189323425, -1.5116791725158691, -0.11347199976444244, -1.0317834615707397, -0.31211379170417786, -0.41971534490585327, -0.33483412861824036, -0.7174780964851379, -0.02316061221063137, 