{"MSE": 0.5519879460334778, "predicted_labels": [-0.2581784427165985, -0.9268766641616821, -2.2060546875, 0.3725941479206085, 0.3312221169471741, -1.2160735130310059, -2.057450771331787, -1.557843565940857, -0.21502116322517395, -2.409996509552002, -0.625495433807373, -0.5694558620452881, -1.4838014841079712, -0.9628766775131226, -1.2410058975219727, -1.333391547203064, -0.44316551089286804, 0.3447711765766144, 0.2963000237941742, 0.22110643982887268, -0.9062139987945557, -0.6282634735107422, -0.1673392951488495, -1.822375774383545, -0.4094359576702118, -2.4074113368988037, -0.5117456912994385, -0.8911703824996948, -0.9255945682525635, -0.5035868883132935, -1.4490900039672852, -0.4356256425380707, -0.9178248643875122, -0.650704026222229, -0.5281661748886108, -0.9909391403198242, -0.13916859030723572, -1.1733566522598267, -1.100856900215149, -0.2757011353969574, -0.5692234039306641, -0.8948605060577393, -0.995305061340332, -1.5313972234725952, -0.8354308605194092, 0.11359301209449768, 0.2928920090198517, -1.2182629108428955, 0.9054877758026123, -3.017807960510254, -0.7774789333343506, -1.6967053413391113, -0.2978452742099762, 0.045423537492752075, -1.1598252058029175, -0.833552360534668, -1.6100372076034546, -1.1028250455856323, -1.0847902297973633, -0.8772290945053101, -0.5515438318252563, 0.31067124009132385, -0.20222732424736023, -1.1210209131240845, -2.755633592605591, -0.448320597410202, -0.9151405096054077, -0.6025012731552124, 0.48018571734428406, -0.3310762345790863, -0.7480489015579224, -2.4681482315063477, -0.2536153495311737, -0.38652846217155457, -1.0768887996673584, -0.9208682775497437, -1.0260331630706787, -2.175938606262207, -1.0445759296417236, 0.4031476080417633, -0.517711877822876, -1.743201732635498, -2.415419101715088, -1.2451351881027222, -0.18991097807884216, 0.15929093956947327, -0.8933775424957275, -1.0179798603057861, -2.352179527282715, -1.371550440788269, -0.34293755888938904, -0.4283164441585541, -1.7447340488433838, -1.164570689201355, -0.5670194625854492, 0.5946246385574341, -0.376282662153244, -1.9962259531021118, -0.9823566675186157, -0.2813433110713959, -1.4918566942214966, -1.7593237161636353, -0.14609357714653015, 0.28551164269447327, -2.6447441577911377, -0.43906137347221375, -0.49829909205436707, -0.12094691395759583, -1.3289637565612793, -1.6048494577407837, -1.5663849115371704, -1.0445398092269897, -0.9521948099136353, -1.1379541158676147, -0.875404953956604, -1.3800835609436035, -0.9376132488250732, -0.4564809501171112, -2.0005078315734863, -1.8830629587173462, 0.1930495798587799, -0.5332820415496826, -0.4721507728099823, -0.970049262046814, -0.27825602889060974, -1.1604570150375366, 0.5130910873413086, 0.22202840447425842, -0.2985759675502777, -1.5977723598480225, -1.1898459196090698, -2.2717301845550537, 0.05310109257698059, -0.17220869660377502, -0.9405773878097534, -0.665207028388977, -0.7825926542282104, 0.03169223666191101, -2.0209810733795166, -0.6353840827941895, -2.2284858226776123, 0.029176563024520874, -2.2328274250030518, -0.7313213348388672, -0.4237990081310272, -0.36659857630729675, 0.38339945673942566, -1.2798548936843872, -0.3305530250072479, -0.6345387697219849, -0.874517560005188, -1.7535189390182495, -0.961950421333313, -1.1118940114974976, -1.128817081451416, 0.1647280752658844, -0.4336617887020111, 0.2843715250492096, -1.4774298667907715, -0.44963082671165466, -1.3909683227539062, -0.15571102499961853, 0.38161686062812805, -0.714838981628418, -1.1702207326889038, -0.24791595339775085, -0.33749350905418396, -0.790460467338562, -2.297229528427124, 0.30907484889030457, -0.4716063439846039, -0.27940604090690613, -2.217453718185425, -0.3955797851085663, -0.6785060167312622, -1.8217965364456177, -0.1966855823993683, -2.361661195755005, -0.20220521092414856, -1.775922179222107, -1.1254240274429321, 0.0648326575756073, -1.4651820659637451, 0.14994147419929504, -0.6201708316802979, -0.029851049184799194, -1.910364031791687, -0.3803468644618988, -2.2138960361480713, -1.7726179361343384, -0.38940688967704773, -1.0597729682922363, -0.8224571943283081, -0.9092931747436523, -1.6410565376281738, -1.6932576894760132, 0.6048034429550171, -0.6992478370666504, -1.1540600061416626, 0.2700669467449188, -0.48381099104881287, -0.5245949029922485, -0.6085808277130127, -2.243884801864624, 0.432587593793869, -0.39024606347084045, -1.0854958295822144, 0.5440499782562256, -0.1822587549686432, -2.41093373298645, -1.601786732673645, -0.8995016813278198, -1.2255504131317139, -1.8651626110076904, -0.8185005187988281, -1.3191137313842773, -0.7464663982391357, -1.3544632196426392, 0.045138806104660034, -0.8958680629730225, -0.4494191110134125, -0.8088771104812622, -2.037588596343994, -0.1628340184688568, 0.13535383343696594, -1.8978348970413208, 0.3657695949077606, -1.1779894828796387, -1.134934663772583, -0.8505117893218994, 0.0050678551197052, -1.4543299674987793, -0.5212950706481934, -2.114908456802368, -1.0931097269058228, -1.5285823345184326, -0.4221397340297699, -1.0592690706253052, -0.7161126136779785, 0.2685876786708832, -0.04255017638206482, -2.1715619564056396, 0.27866342663764954, -1.017589807510376, -0.3533381521701813, -1.6762871742248535, -0.4287252128124237, -0.3532911241054535, -2.3659403324127197, -1.403225302696228, 0.08570721745491028, -0.28862252831459045, -0.8801126480102539, -1.0562189817428589, -0.26925548911094666, -0.6399998664855957, 0.3018917739391327, -1.594783902168274, -0.9145931005477905, -0.5529872179031372, -0.3896096646785736, 0.21408584713935852, -0.46226128935813904, -1.1358338594436646, 0.47930899262428284, -1.1956897974014282, -1.0673574209213257, -2.074774742126465, -0.7665296792984009, -2.3990540504455566, -1.4319411516189575, -0.7309577465057373, -1.3483806848526, -0.21078595519065857, -0.02006205916404724, -0.6235544681549072, -0.9092658758163452, -1.0472135543823242, -0.3477771580219269, -1.6010617017745972, -0.5583440065383911, 0.4391184151172638, -1.170111894607544, -1.86557936668396, -0.09315070509910583, -0.8431395292282104, -0.7798511981964111, -2.6710829734802246, -1.9170328378677368, -0.13445398211479187, -1.7582634687423706, -2.0349233150482178, -2.2084176540374756, -1.1745367050170898, 0.06255462765693665, 0.2619859278202057, -1.5362310409545898, -0.8434174060821533, -1.3305810689926147, 0.723250150680542, -2.144284248352051, -0.7430294752120972, -0.6709427833557129, -1.91728937625885, -2.276341199874878, 0.15889909863471985, -0.5721093416213989, -2.5361111164093018, -1.5235908031463623, -1.1795685291290283, -0.7571576833724976, -0.1332281529903412, -0.8197911977767944, -0.7905343770980835, -0.9296272993087769, 0.19575175642967224, -1.5027120113372803, -1.169623851776123, -0.9204549789428711, -1.1178700923919678, -0.5702576637268066, -0.38394126296043396, -0.15684685111045837, -1.1617565155029297, -0.7651374340057373, -1.523488163948059, -0.6477549076080322, -0.9524136781692505, -1.2173726558685303, -0.9795641899108887, -2.0220437049865723, -0.7810956239700317, -1.1826523542404175, -0.6807044744491577, -1.3346363306045532, -1.3618942499160767, -1.8061699867248535, -1.065672516822815, -1.1496682167053223, -1.5053364038467407, -1.1655200719833374, -0.5601274967193604, -1.236886978149414, -0.07349756360054016, -2.472540855407715, 0.15766629576683044, -1.075677752494812, -0.5406825542449951, -1.9471124410629272, -0.21610233187675476, 0.09217533469200134, -1.3037981986999512, -1.2957381010055542, -0.7497568130493164, 0.08187976479530334, -1.160578727722168, -1.1868019104003906, -1.3308807611465454, -0.5814242362976074, -1.3970651626586914, 0.057623594999313354, -2.406850576400757, -1.1961969137191772, 0.030230790376663208, -0.5091149806976318, -1.6649409532546997, -1.1008843183517456, -1.7292054891586304, -0.5856153964996338, -0.4696042239665985, -1.2697292566299438, -2.0249276161193848, -1.334067463874817, -1.4052873849868774, -0.5475808382034302, -0.6757700443267822, -1.2685657739639282, -1.338987946510315, -0.4211815297603607, 0.026042014360427856, -0.019625037908554077, 