{"MSE": 0.5495484471321106, "predicted_labels": [-2.169343948364258, -1.789362907409668, -1.889756202697754, -0.47160953283309937, -0.8118874430656433, 0.20408740639686584, -1.2088688611984253, -1.640216588973999, -0.30859681963920593, -0.3029051125049591, -1.3725762367248535, -0.8199983239173889, -0.3412209153175354, -2.6648523807525635, -1.137368083000183, -0.43558385968208313, -2.238316774368286, -0.47217243909835815, -1.3023922443389893, -1.3202190399169922, -0.11212083697319031, -0.9938308000564575, -1.2625988721847534, -0.8631345629692078, -1.581034541130066, -2.040069103240967, -1.8574004173278809, 0.0789395272731781, 0.0567919984459877, -1.452717900276184, -1.4002773761749268, -0.14187417924404144, -1.1925740242004395, -1.8395649194717407, -0.23224812746047974, -1.0134923458099365, 0.7690257430076599, -1.0695496797561646, 0.055516742169857025, -1.5277076959609985, -0.7018542289733887, 0.09728838503360748, 0.02000211551785469, -1.1005929708480835, -0.9529066681861877, -0.136911079287529, -1.7190381288528442, -1.8931140899658203, -0.14707987010478973, -0.6334118247032166, -1.8385788202285767, 0.2526949346065521, -2.86053729057312, 0.1142999529838562, -0.9311513900756836, -1.6953433752059937, -1.0518851280212402, -0.5868914723396301, 0.6142407655715942, 0.3897653818130493, 0.004519841633737087, -0.46554267406463623, -1.7758207321166992, 0.5535178184509277, -1.5224536657333374, -1.2326191663742065, -0.26487910747528076, 0.7188668847084045, -0.8250904679298401, -0.9476455450057983, 0.45833438634872437, 0.3844548761844635, -0.04557311162352562, -0.9145643711090088, -0.267623633146286, -1.5068353414535522, -1.282761573791504, -1.2463809251785278, -0.1747889518737793, -1.9177827835083008, -2.4551291465759277, -1.7353965044021606, -0.48309630155563354, -3.1281211376190186, 0.36084723472595215, -0.8653176426887512, -1.0431458950042725, -1.1693304777145386, -1.183842658996582, -0.7965883016586304, -0.8458492755889893, -1.9697177410125732, -1.9495341777801514, 0.21420666575431824, -1.6303080320358276, -1.3738267421722412, -0.8528157472610474, -1.1799792051315308, -0.9303051829338074, -1.8441553115844727, -0.7177680134773254, -1.267753005027771, -0.8643822073936462, -1.2264254093170166, -0.28434908390045166, -0.7779963612556458, -1.0027692317962646, -1.3786089420318604, -1.9397993087768555, -1.4516912698745728, -1.638372778892517, -1.8505759239196777, -1.980284333229065, -1.2182646989822388, -1.299062967300415, -0.23569130897521973, -0.21628615260124207, -1.9978924989700317, -2.2762796878814697, -1.2248148918151855, -1.5272490978240967, -0.10552850365638733, -0.9993390440940857, -1.4983160495758057, -0.40837371349334717, -1.2413400411605835, -0.5713216066360474, -0.19460785388946533, -0.7046736478805542, -0.2079804390668869, -2.1859076023101807, -1.0320745706558228, -1.8178191184997559, -0.5986327528953552, -2.0779542922973633, -1.1225197315216064, -0.6236088275909424, -1.0800557136535645, -1.2133897542953491, -1.4796373844146729, -1.9428143501281738, -0.7013578414916992, -0.3776628077030182, -0.8928731679916382, -0.8083672523498535, -0.15871894359588623, -1.421614170074463, -0.6124452948570251, -1.2313570976257324, -0.9052688479423523, -1.6814401149749756, -0.6620309352874756, -1.9324742555618286, -1.6775827407836914, -1.100290060043335, -0.875870943069458, -0.33896344900131226, -0.6727944612503052, -1.355576753616333, -1.8251720666885376, -1.808777093887329, -0.9400403499603271, 0.293900728225708, -1.433576226234436, -0.7620114684104919, -1.6313048601150513, 0.22355061769485474, -0.16030453145503998, -0.23985517024993896, -1.3434077501296997, -1.1316022872924805, -1.791486382484436, -0.41391846537590027, -0.8139294385910034, -0.821426272392273, -0.45922771096229553, -2.2386674880981445, -0.9081684350967407, -2.044942855834961, -0.7844181060791016, -1.3877108097076416, -0.7404205799102783, -1.0128321647644043, -0.8380588889122009, -0.36148801445961, -1.245184302330017, -1.1961435079574585, -0.23589852452278137, -0.02092781662940979, -0.7795318961143494, -0.6517185568809509, 0.1671164333820343, -1.0243968963623047, -2.851444721221924, -0.30728352069854736, -0.5035263895988464, -1.325926661491394, -2.3064608573913574, -1.7679954767227173, -1.3456246852874756, -1.5065042972564697, -2.108668804168701, 0.26263371109962463, -0.10586538910865784, -1.2017282247543335, 0.015149279497563839, -2.2763612270355225, -0.04074707627296448, -0.5996290445327759, -0.9694163203239441, -1.480921983718872, -1.4369596242904663, -1.9396741390228271, -1.7449750900268555, -0.013751477934420109, -1.0716614723205566, -2.439152956008911, -1.6352870464324951, -0.19642788171768188, -1.9271742105484009, -2.3386173248291016, -1.9413557052612305, -1.1621912717819214, -2.2094836235046387, -1.681136965751648, -0.8867823481559753, -2.7986929416656494, -1.5028892755508423, -0.11992260813713074, -0.29014667868614197, -1.3452566862106323, -0.4057244658470154, -1.0322082042694092, -0.4462255835533142, -0.635741651058197, -0.7649617195129395, -0.6479244232177734, 0.41167715191841125, -2.4836509227752686, -0.9788970351219177, -1.3521521091461182, -0.9139726161956787, -2.050727128982544, -1.1064246892929077, -0.7509034872055054, -0.7685911059379578, 0.5774917006492615, -1.0825998783111572, -0.6167068481445312, -0.8854860067367554, -1.0123951435089111, -1.4017812013626099, -0.1665862500667572, -0.7522481083869934, 0.14632828533649445, -0.6953819990158081, -1.4815025329589844, -1.6825191974639893, -1.1282600164413452, -1.7480659484863281, -0.7277079224586487, -1.9921261072158813, -0.4533863663673401, -0.9733096957206726, -0.9903503060340881, -0.9763204455375671, -1.6928578615188599, 0.09076609462499619, -0.9137948751449585, -0.666664183139801, -0.9244641661643982, -0.8278099298477173, -0.7410464882850647, 0.5337258577346802, -1.0266517400741577, -0.7051827907562256, -0.057664819061756134, -2.2255444526672363, -1.0354658365249634, -1.2122962474822998, -1.6788551807403564, -1.5935426950454712, -0.8735136389732361, -1.9615377187728882, -0.6634749174118042, 0.25931107997894287, -0.46076393127441406, -0.2710253596305847, -1.1021500825881958, -1.856438398361206, -1.0960017442703247, -1.032185673713684, -0.40209269523620605, -1.6261277198791504, -1.8219037055969238, -1.3075354099273682, -0.6484336256980896, -1.888655662536621, -0.26202091574668884, -0.11854757368564606, -0.745688259601593, -1.1537022590637207, -1.3077000379562378, -0.29438328742980957, -1.3922913074493408, -1.3769750595092773, -0.5285810232162476, -1.1653201580047607, -0.8956142067909241, -1.7373430728912354, -0.684451162815094, -0.7409474849700928, -1.3919973373413086, -0.2626744508743286, 0.44692739844322205, -0.4326048493385315, -0.44391894340515137, -0.7884949445724487, -0.6094900369644165, -0.6814067363739014, -1.050748586654663, -0.516583263874054, -0.5052605867385864, -0.8425175547599792, -2.5170841217041016, -0.38940808176994324, -0.2310577780008316, -1.756135106086731, -0.8266744613647461, -1.7505013942718506, -0.7498534321784973, -0.8651331663131714, -0.4507843255996704, -0.5406090617179871, -0.7244526743888855, -2.088615655899048, -1.9356886148452759, -0.9964145421981812, -1.2324473857879639, -0.6801018118858337, -2.2980990409851074, -1.2469136714935303, 0.07467992603778839, -0.1815822571516037, -2.046435594558716, -0.019492603838443756, -1.265886902809143, -1.2940908670425415, -1.41937255859375, -1.8530333042144775, -1.4541212320327759, -0.5296091437339783, -0.663367748260498, -0.23387391865253448, -0.6272831559181213, -1.999583125114441, -1.2003118991851807, -1.6127302646636963, -1.0345999002456665, 0.5479369163513184, -1.816417932510376, -2.1104986667633057, -0.33646711707115173, -1.2795056104660034, 0.20168033242225647, -1.5362602472305298, -1.977625846862793, -1.3836575746536255, -1.8151187896728516, -0.16738861799240112, -1.5161761045455933, -1.3571110963821411, -1.1560842990875244, -1.4587849378585815, -1.012558102607727, 0.35239332914352417, -0.4766620993614197, -1.046262264251709, -1.7219200134277344, 