{"MSE": 0.5725854635238647, "predicted_labels": [-1.2684494256973267, -0.2750399112701416, -2.4733707904815674, -1.263178825378418, -1.0606745481491089, 0.6242862939834595, -0.9969825744628906, 0.0709550753235817, -1.2701520919799805, 0.20664966106414795, -1.2307380437850952, -0.6779496073722839, -0.8672917485237122, -0.7255359888076782, -0.03996146470308304, -0.9771655201911926, -1.2374197244644165, -0.028941623866558075, -0.11972837895154953, -1.429956316947937, 0.6265934109687805, -0.07672331482172012, -1.3166033029556274, -0.6702027916908264, -1.8896163702011108, -0.2834024131298065, 0.13189080357551575, -1.1958798170089722, -0.17474597692489624, -1.3506072759628296, -0.30735448002815247, -0.615220308303833, -0.6207945942878723, -2.3028171062469482, -1.2592049837112427, -1.115214228630066, -2.521319627761841, -0.7490803003311157, -0.9473382830619812, -1.4221371412277222, 0.5682281255722046, -0.6306047439575195, -1.3957529067993164, -0.08577107638120651, -0.9437336325645447, 0.08218922466039658, -1.1104648113250732, -1.8279542922973633, -1.497140645980835, -0.4551801085472107, -2.617892026901245, -0.9392297267913818, 0.5816208124160767, -1.1428195238113403, -0.8934777975082397, -0.12224910408258438, -2.4756524562835693, -0.29079732298851013, -1.2706496715545654, -1.6653469800949097, -1.2748078107833862, -1.2337377071380615, -0.12848889827728271, -0.8464177250862122, -2.9759891033172607, -0.9900534152984619, -1.3077256679534912, -0.3520585596561432, -0.03534483164548874, -0.8687881231307983, -1.363743782043457, -0.3033979833126068, -1.4784529209136963, -0.09437695145606995, -0.40576228499412537, -1.6063898801803589, -0.03175117075443268, -0.7381513118743896, -1.7340623140335083, -2.9606316089630127, -0.5512896776199341, -0.8807244896888733, -0.7479235529899597, -1.2261145114898682, -2.122812271118164, -0.9408439993858337, -0.6650266647338867, -1.3026139736175537, -0.1292448192834854, -1.8538371324539185, -2.0202412605285645, -1.687857747077942, -0.630703330039978, -1.8260438442230225, -1.505826711654663, -1.0016916990280151, -1.9804900884628296, -0.5228953957557678, 0.1676335334777832, -1.576869249343872, -3.030573606491089, -2.0324792861938477, -0.5718083381652832, -1.0283458232879639, -2.5081419944763184, -1.0598467588424683, -1.0899927616119385, -1.6551339626312256, -1.1543043851852417, -0.31418201327323914, -1.0864825248718262, -1.3938703536987305, -1.7297825813293457, -1.5836732387542725, -1.0896254777908325, 0.009947478771209717, -0.5038062930107117, -2.129199743270874, -0.44934579730033875, -0.5990440845489502, -1.2266484498977661, -0.05184292048215866, -2.2344672679901123, 0.3580436110496521, -1.142492413520813, 0.29014089703559875, -1.1561522483825684, -1.1502293348312378, -2.1318531036376953, -0.057737961411476135, 0.19477567076683044, -1.7979679107666016, -1.4172804355621338, -0.06539730727672577, -0.32595163583755493, -1.595937728881836, 0.054911814630031586, 0.0015040412545204163, -0.615514874458313, -1.1574009656906128, -0.6321475505828857, -1.9030053615570068, 0.0590624064207077, -0.11589057743549347, -1.1446738243103027, -1.3933930397033691, -1.1337782144546509, -0.2202502191066742, -0.7109506726264954, -1.9872283935546875, -0.3471998870372772, -0.9595568776130676, -0.7173054814338684, -0.29303884506225586, 0.24403199553489685, -0.21746620535850525, -0.49393323063850403, -0.12796354293823242, -1.7965466976165771, -1.7459193468093872, -2.786916971206665, -1.9458945989608765, -0.9584672451019287, -0.184739887714386, -0.09858035296201706, -2.4280314445495605, -0.039141956716775894, -0.46981626749038696, -1.3249684572219849, -2.238224983215332, 0.012481585144996643, -1.4471187591552734, -2.122154951095581, -0.7453951835632324, -1.7220736742019653, -1.476463794708252, -1.0023678541183472, -1.0947728157043457, -1.6643520593643188, -1.7746652364730835, -0.5472068190574646, -0.4941973388195038, -0.7142091989517212, -1.9423656463623047, -0.3752688467502594, -0.3839491903781891, -0.39302295446395874, -1.21843683719635, -0.2992047667503357, -1.8343721628189087, -0.4684934914112091, -1.4395862817764282, -1.6642625331878662, -2.046531915664673, 0.12646982073783875, -1.6994922161102295, -0.984670102596283, -0.2619038224220276, -1.1584457159042358, -0.3872113525867462, -2.0735952854156494, -1.8805896043777466, -2.575983762741089, -1.658945918083191, -0.9960189461708069, -1.0628955364227295, 0.09444250911474228, -1.0922080278396606, -1.302412509918213, -1.6421520709991455, -1.7483789920806885, -2.1160404682159424, -0.7878178358078003, -0.23562484979629517, -1.402929425239563, -0.854971170425415, -0.47459515929222107, -0.5190647840499878, -0.6479009985923767, -1.0041427612304688, 0.00016589462757110596, 0.47136998176574707, -0.8175341486930847, -1.0660139322280884, -0.06922867149114609, -0.5812424421310425, -1.9877300262451172, -1.815702199935913, -0.4788878262042999, -1.5666389465332031, -1.305598258972168, -0.9504919648170471, -1.5351099967956543, -0.8824964165687561, -0.9822686314582825, -1.016202449798584, -1.1938748359680176, -0.38537704944610596, -1.2366735935211182, 0.583859384059906, 0.29693782329559326, -0.5339779257774353, -1.986365556716919, -1.4763867855072021, -1.7704495191574097, -1.3726433515548706, -0.6006650924682617, -0.8786489963531494, -1.564852237701416, -0.6875177025794983, -0.07775545865297318, -1.4625535011291504, -1.092524766921997, 0.0572407990694046, -0.3105716407299042, -0.9457926154136658, -0.5804781317710876, -1.36390221118927, -1.3170796632766724, -0.09522712975740433, -1.0722326040267944, -0.9652274250984192, -0.6478038430213928, -2.319737434387207, -1.1141643524169922, -1.1042488813400269, -0.0011309906840324402, -0.5960831642150879, 0.4519719183444977, -1.1064460277557373, -1.6596455574035645, -1.6953718662261963, -1.0488054752349854, -0.6754372715950012, -1.5479451417922974, -1.6182787418365479, -0.6551530361175537, -1.4305180311203003, -1.512627363204956, -0.6913111805915833, -0.17567476630210876, -0.06484435498714447, -0.8867757320404053, -1.3839226961135864, -3.004725694656372, -0.5380439162254333, 0.4133371114730835, 0.6534411907196045, -0.7304545044898987, -0.869567334651947, -0.2475481629371643, -0.7098938822746277, -0.203971266746521, -1.0548741817474365, -2.362762928009033, 0.09379924833774567, -0.9030427932739258, -0.8959733247756958, -0.6918857097625732, -0.6495326161384583, 0.46035894751548767, -1.420837640762329, -0.9838449358940125, -0.7316712737083435, -0.818274974822998, -1.1362704038619995, -0.7671509385108948, -0.6769010424613953, -1.2479034662246704, -1.1663099527359009, -0.8523472547531128, -0.5404811501502991, -1.5974855422973633, -0.8122475743293762, -0.0787658765912056, -0.15765288472175598, -0.21328890323638916, 0.20635217428207397, -1.0650981664657593, -0.578782320022583, 0.07488449662923813, -1.4800162315368652, 0.037319011986255646, -0.04611213505268097, -1.2399623394012451, -1.4302315711975098, -1.4743925333023071, -2.2322683334350586, -1.4566242694854736, -0.8515574336051941, -0.6757873296737671, -1.818154215812683, -0.1681627631187439, -0.06895790249109268, 0.32970789074897766, -1.7753325700759888, -2.242807388305664, 0.2403849959373474, -0.9416242241859436, -1.1035995483398438, -0.9294501543045044, -1.314302682876587, -0.07787661999464035, -1.6287833452224731, -1.2436376810073853, 0.20450463891029358, -1.4115917682647705, -0.033137064427137375, -0.7702555060386658, -1.7045234441757202, -0.45629510283470154, -1.333041787147522, -1.1271543502807617, 0.5048965811729431, -0.8947139978408813, -1.2660179138183594, -0.45358505845069885, -0.6041561961174011, -0.8351989984512329, -0.29133811593055725, -0.5528022646903992, -1.8559328317642212, -1.9122214317321777, -1.1673474311828613, -0.9361367225646973, -0.4190315306186676, -1.5037047863006592, -0.3717515766620636, -0.7965713739395142, 0.22801092267036438, -0.17786088585853577, -1.3638300895690918, 0.013151407241821289, -0.7379149794578552, -0.3841981291770935, -0.3280479311943054, -0.35034021735191345, -0.10275325924158096, 