{"MSE": 0.5595004558563232, "predicted_labels": [-0.6330990195274353, -1.5543363094329834, -1.141770839691162, 0.5968903303146362, 0.2584264278411865, -1.4322917461395264, -0.9130917191505432, -1.302412986755371, -1.6058151721954346, 0.00875057652592659, -2.0686421394348145, -0.4114053249359131, -1.5143402814865112, -2.3261849880218506, -0.12707717716693878, -1.25489342212677, -1.1908180713653564, -1.0916634798049927, -0.8326159715652466, -1.1933799982070923, -1.5290744304656982, -1.113664984703064, 0.1996382176876068, -0.9548736810684204, -0.6725855469703674, -0.26321089267730713, -0.6655330061912537, -0.2019244134426117, 0.18325646221637726, -2.1219897270202637, 0.7061089277267456, -0.8570234179496765, -1.0129166841506958, -0.15933801233768463, -1.1662611961364746, -0.9249107837677002, -0.37029555439949036, -1.1312227249145508, -1.655441164970398, -1.6026897430419922, -2.042914628982544, -0.22653497755527496, -0.3136562407016754, -0.9833692908287048, -2.2306289672851562, 0.17983847856521606, -2.5927019119262695, -0.6904212236404419, -0.8571687936782837, -0.2252391129732132, -0.22873084247112274, -1.2093265056610107, 0.5342525243759155, -1.8912055492401123, -1.4971954822540283, -0.756877601146698, -0.6458078622817993, -0.9584874510765076, -2.7490432262420654, -1.5791971683502197, -1.729192852973938, -0.4620235562324524, -2.2503089904785156, -1.1280384063720703, -0.033074017614126205, -1.2517963647842407, -1.4430783987045288, 0.07421474158763885, 0.5395194292068481, -0.5637216567993164, -0.8468643426895142, 0.12181785702705383, -1.5420500040054321, -0.4292650818824768, -0.24933268129825592, -0.37497010827064514, 0.1845461130142212, -0.721481204032898, -0.13293558359146118, -0.4941345155239105, -1.337646484375, -0.5471391081809998, -0.7046999335289001, -1.0430539846420288, -1.1866414546966553, -1.2190052270889282, -0.1907598227262497, 0.1306629478931427, 0.044211603701114655, -1.6879422664642334, -0.3049675524234772, -0.8169309496879578, -1.5549712181091309, -1.438050389289856, 0.24929432570934296, -0.8450079560279846, -0.25662896037101746, -0.9990176558494568, -0.39825236797332764, -0.9842128157615662, 0.09625125676393509, 0.2887286841869354, -1.9245531558990479, -1.4999752044677734, -1.6541838645935059, -0.39782315492630005, -2.061845302581787, -0.6202859282493591, -1.5498133897781372, -1.9673511981964111, -1.3325190544128418, -1.0583499670028687, -0.4609305262565613, 0.2779321074485779, -1.1472126245498657, -1.3612689971923828, -1.472199559211731, -2.669431686401367, 0.2262522280216217, -2.508646011352539, -1.3330553770065308, -2.252939462661743, -2.6848325729370117, -1.9396262168884277, -2.241281747817993, -0.648531973361969, -1.0467146635055542, -2.6432485580444336, -0.7596846222877502, -1.9549094438552856, -0.15681718289852142, -1.0486499071121216, -0.0867544561624527, -1.4197381734848022, -1.9915435314178467, -1.2557382583618164, 0.11807109415531158, -0.7469289302825928, -1.4195786714553833, -0.260808527469635, -1.2010618448257446, -2.0072824954986572, -1.4327200651168823, -0.13199135661125183, 0.15237252414226532, -1.373491883277893, 0.047179244458675385, -1.4253082275390625, -2.16757869720459, -0.49200740456581116, 0.16702906787395477, -0.6148867011070251, -0.7221835255622864, 0.11831218004226685, -0.7247593402862549, 0.36365053057670593, -1.8934895992279053, -1.0424036979675293, -1.3826119899749756, 0.38880717754364014, 0.22721262276172638, -1.3338667154312134, -1.5734186172485352, -2.087815046310425, 0.19109518826007843, -0.3535561263561249, -1.6678564548492432, -1.0801680088043213, -1.7508033514022827, -2.274970293045044, -1.3004939556121826, -1.153350830078125, -0.7537010908126831, -0.610700786113739, -2.3141205310821533, -1.2043650150299072, -1.1990671157836914, -0.9348649382591248, 0.37600284814834595, 0.3098040521144867, -1.1385258436203003, -2.104098081588745, -1.1355329751968384, -2.1209192276000977, -0.9166778922080994, -1.6504182815551758, -1.8986155986785889, 0.1821591556072235, 0.1359732300043106, -1.3079030513763428, -2.5707995891571045, -0.11863119900226593, -1.4103000164031982, -0.982350766658783, -1.5449426174163818, -1.1612204313278198, -1.4536755084991455, -1.4242346286773682, 0.4094565510749817, 0.11359307169914246, -0.614690363407135, -2.4223997592926025, -0.8133531808853149, -0.4545116126537323, -0.30069980025291443, -2.2116658687591553, -0.6166589260101318, 0.1008574515581131, -1.0518244504928589, -1.6545947790145874, -1.2301627397537231, 0.1960769146680832, -0.15691961348056793, 0.15536543726921082, -1.1489908695220947, -0.9235525131225586, 0.30761805176734924, 0.06288733333349228, -0.8362368941307068, -0.8663692474365234, 0.1922169327735901, -1.1336333751678467, -0.9040408730506897, -2.898245096206665, -0.497761994600296, -1.025907278060913, -0.5440233945846558, -0.9543420076370239, -0.20989766716957092, -2.171112060546875, -0.5305835604667664, -1.0941005945205688, 0.20212720334529877, -2.2967658042907715, -1.6269986629486084, -0.4930064380168915, -1.7141780853271484, -1.0201326608657837, -0.5131767988204956, -1.027335524559021, -2.036799430847168, -0.6396593451499939, -0.8232214450836182, -1.5621378421783447, 0.5897250175476074, -0.3337816894054413, -0.33561640977859497, -0.2855394184589386, -1.0467878580093384, -1.1129145622253418, -1.8425589799880981, -0.6395365595817566, -1.8327587842941284, -0.6950018405914307, -1.3037320375442505, -1.4057979583740234, -1.0098013877868652, -0.6776798367500305, -2.5861904621124268, -0.6253960728645325, -0.7671375274658203, -0.9685439467430115, -1.4487611055374146, 0.11496934294700623, -0.9880488514900208, -0.8386256098747253, 0.09627875685691833, -1.5516512393951416, -1.4188367128372192, 0.24404260516166687, -0.5547813177108765, 0.13947582244873047, -0.5878672003746033, -0.9033026099205017, -0.7527714371681213, -0.7957131862640381, -0.7156602740287781, -0.817041277885437, -0.8974463939666748, -0.9919602274894714, -0.6064152121543884, -0.9518075585365295, -1.0676285028457642, -1.670283555984497, -0.14144432544708252, -1.0258893966674805, -1.220503807067871, -0.7905604243278503, 0.23821106553077698, -0.24354620277881622, 0.3721046447753906, -1.594573736190796, -1.8375146389007568, -0.9988860487937927, -0.48018744587898254, -0.3602779507637024, 0.15114405751228333, -1.3526910543441772, -0.192252978682518, -0.8006079792976379, -0.38169291615486145, -0.8298123478889465, -2.1374025344848633, -0.17643436789512634, -0.3991476893424988, 0.13390104472637177, -0.6190663576126099, -0.5992014408111572, -1.1135133504867554, 0.0274478979408741, -2.7822299003601074, -1.1311383247375488, 0.051031023263931274, -1.1948667764663696, -2.02028751373291, -0.25853365659713745, -1.3841710090637207, -1.2465713024139404, -1.2923643589019775, -1.0272935628890991, 0.5206440091133118, 0.2857745289802551, -0.5645418763160706, -0.9485163688659668, -1.4143104553222656, -0.9406601786613464, -1.0441919565200806, -1.0423754453659058, -0.8506738543510437, -1.046351432800293, -0.08371725678443909, 0.2026422917842865, -1.137255072593689, -0.9039402604103088, -0.7881597876548767, -0.759951651096344, -1.0506304502487183, -0.1593717634677887, 0.19311663508415222, -0.48765984177589417, -1.8887513875961304, -1.1329069137573242, -2.0326433181762695, -1.9399244785308838, -1.5264230966567993, -1.564035415649414, -1.1766760349273682, 0.14545515179634094, -0.7706294059753418, -0.13508282601833344, -2.4401493072509766, -2.1117801666259766, -1.1548131704330444, -0.6317908763885498, -0.9329139590263367, -1.3272874355316162, -1.5403493642807007, -1.086092233657837, -0.8927040100097656, -0.615733802318573, -0.6722045540809631, 0.2290383130311966, -0.32862767577171326, -0.24959920346736908, 0.24251584708690643, -1.5205429792404175, -1.2093337774276733, -0.730080783367157, -1.7848141193389893, -1.0436664819717407, -1.0852631330490112, -2.427633762359619, -0.8679468631744385, -1.5964419841766357, -1.8195399045944214, -0.6904403567314148, -0.15114380419254303, 0.1448434591293335, -0.8542966246604919, -1.6252305507659912, 