{"MSE": 0.4797686040401459, "predicted_labels": [-2.166964530944824, 0.07423441112041473, -1.053465723991394, -1.1943737268447876, -1.5487710237503052, -3.2334794998168945, -0.2146672010421753, 0.7200562953948975, -1.1729450225830078, -1.4391589164733887, -0.8214762806892395, -1.7608708143234253, -1.5125234127044678, -0.13605676591396332, -0.5533382892608643, -0.34236547350883484, -0.6312879323959351, -1.0103508234024048, 0.40362438559532166, -0.3781145215034485, -0.3437935411930084, -1.0047072172164917, -1.6974016427993774, -0.3974165618419647, -0.20328909158706665, -0.6921313405036926, -2.437664270401001, -0.616494357585907, -1.3083171844482422, -0.48121070861816406, -0.5091176629066467, -0.2831268012523651, -0.30588844418525696, -0.9007717370986938, -1.4239637851715088, -2.373786687850952, -1.8713797330856323, -0.058076780289411545, -1.3794794082641602, -1.1413670778274536, -1.2904516458511353, -1.2756115198135376, -0.5707421898841858, -2.7844913005828857, -1.005541205406189, -3.088575601577759, -1.1610722541809082, -0.30112698674201965, -0.09071750938892365, -2.754777669906616, -1.7102633714675903, -2.4150545597076416, -2.0794222354888916, 0.7233355045318604, 0.41627436876296997, -1.6271363496780396, -0.26349198818206787, 0.4056278467178345, -1.4842135906219482, -1.7056097984313965, -0.9776501655578613, 0.3059133291244507, -1.1837621927261353, -1.7314547300338745, -1.774405837059021, -0.2482440173625946, -0.09675957262516022, -1.3695290088653564, -0.25608840584754944, -2.7918155193328857, -1.7009731531143188, 0.4972476363182068, -0.07036322355270386, 0.10972344130277634, -0.5792243480682373, -0.8932768702507019, -3.3302109241485596, -1.0343043804168701, -0.8974533677101135, -1.3588502407073975, -1.5456968545913696, -1.5285608768463135, -0.07621306926012039, -2.2268896102905273, -0.4636797606945038, -2.345855236053467, -1.0036970376968384, -1.0545870065689087, -0.5478062629699707, -0.9740373492240906, -0.7966587543487549, -1.9835683107376099, -1.8278086185455322, -1.3190536499023438, -0.8999640345573425, -0.4572710394859314, -1.5657845735549927, -1.1632657051086426, -1.1687761545181274, -2.5223281383514404, -1.165511131286621, -1.337965965270996, -2.049203395843506, 0.7123470902442932, -0.301806777715683, -2.627027750015259, 0.7138796448707581, -1.1476929187774658, -1.4087133407592773, -0.8458979725837708, -0.7125440239906311, -1.8231163024902344, -1.4494343996047974, -1.5302075147628784, -0.19215457141399384, -1.7183798551559448, -2.945761203765869, -0.9241240620613098, 0.9246222972869873, -1.8327869176864624, -0.050769105553627014, -1.088105320930481, -0.5746705532073975, -0.37501993775367737, -2.355267286300659, -1.5637620687484741, 0.2855772078037262, -2.237651824951172, 0.4729756712913513, -1.303392767906189, -1.9867831468582153, -0.34560805559158325, -1.7478700876235962, -1.7108851671218872, -2.2696456909179688, -0.36076194047927856, -2.582615613937378, -0.18814803659915924, -2.1525886058807373, -0.7637271285057068, -1.7895395755767822, -0.7887158393859863, -0.25438007712364197, 0.33954766392707825, -1.294418454170227, -0.03188509866595268, -2.3933801651000977, -1.2451251745224, -0.7114531397819519, -0.20967797935009003, -1.6725232601165771, -0.204962357878685, -0.8284987807273865, -0.49530571699142456, -2.4262967109680176, 0.11874878406524658, -0.004573372192680836, -0.5016303658485413, -1.0984222888946533, 0.26439279317855835, -0.4788922369480133, 0.24719184637069702, -0.27354341745376587, -0.6710876822471619, -2.0325591564178467, -1.502534031867981, -1.3732194900512695, -1.0312843322753906, -0.7148444652557373, -1.965177297592163, -1.124927282333374, 0.1652466207742691, -0.5403120517730713, -1.387877106666565, -1.420188307762146, -2.610652446746826, -0.0437641516327858, -2.6479547023773193, -1.0722780227661133, -1.211701512336731, -2.80061674118042, -0.06364325433969498, -2.4925520420074463, -0.6936752200126648, -1.273553490638733, -1.8396728038787842, -0.6051974296569824, -1.339714527130127, -0.6825551986694336, -2.6108694076538086, -1.131126046180725, -1.34552001953125, -1.2678005695343018, -1.2991712093353271, -0.1973409205675125, -1.8291016817092896, -1.582465410232544, -0.3635104298591614, -0.9699997901916504, -0.7500824928283691, -0.14900292456150055, -0.6353552937507629, -0.9725279211997986, -2.3093972206115723, 0.16783258318901062, -1.4962694644927979, -0.1909642517566681, -1.0358905792236328, -1.8661181926727295, -0.15661734342575073, -1.1659098863601685, -1.913392424583435, -0.49665912985801697, -0.24302253127098083, -0.018698420375585556, -1.27066171169281, -0.5220053791999817, -2.0778162479400635, -0.3199049234390259, -1.4241195917129517, -0.6037918925285339, -1.208880066871643, -0.3620031774044037, -0.49206623435020447, -0.5282882452011108, -0.15998989343643188, -0.2039884626865387, -1.8081921339035034, -3.21095871925354, -1.1274884939193726, -0.5607113242149353, -1.2809581756591797, -0.33771321177482605, -1.9103258848190308, -1.1709057092666626, -1.6848350763320923, -2.371389150619507, 0.6328221559524536, -0.18146176636219025, 0.23403121531009674, -0.21983730792999268, -2.094165325164795, -1.637165904045105, -1.9399689435958862, -1.2756069898605347, -0.7755612730979919, -1.9893747568130493, -1.06432044506073, -0.7866694331169128, -1.39138662815094, -0.548529326915741, -1.643639087677002, -1.7047595977783203, -0.32812124490737915, -1.0119413137435913, 0.5849698781967163, -1.114927887916565, -0.10645762830972672, -2.097447395324707, -0.8787053227424622, -1.6333292722702026, -1.6969760656356812, -1.1967979669570923, -0.8954112529754639, -0.3953418433666229, -0.828929603099823, -0.4843252897262573, -0.02919195219874382, -2.7195961475372314, -0.2507006525993347, -1.2979376316070557, -1.6098946332931519, -0.21582219004631042, -1.289299726486206, -1.0471038818359375, -1.5703457593917847, -1.894854187965393, -1.1030683517456055, 0.2137325406074524, -1.649940013885498, -1.6318913698196411, -2.5023434162139893, -1.6918179988861084, -0.5575862526893616, -1.778003454208374, -0.8472512364387512, -1.5681604146957397, 0.6847127676010132, -1.3934041261672974, -0.44437530636787415, -0.8290764689445496, -1.1985405683517456, -0.1590990573167801, -1.9518020153045654, 0.0019799573346972466, -1.2731413841247559, -1.359891414642334, -1.583652377128601, -0.8710527420043945, -1.4586515426635742, -1.6950113773345947, -2.0682475566864014, -1.7266823053359985, -1.8376171588897705, 0.15031151473522186, -0.7938110828399658, -0.4971450865268707, -0.45726871490478516, -0.6912915110588074, -1.9665043354034424, -0.6458075642585754, -1.914860725402832, -0.34684059023857117, -0.7566084861755371, -1.273316502571106, -2.2665622234344482, -2.44657564163208, -1.3949171304702759, -1.8166697025299072, -1.712239384651184, -1.473266839981079, -2.337925672531128, -1.5060909986495972, -1.632378101348877, 0.01091186236590147, -1.531295895576477, -0.5491811037063599, -0.7910786867141724, -1.301905870437622, -2.0598278045654297, -1.9290528297424316, -1.081943154335022, -1.0259110927581787, -2.3375630378723145, 0.020384568721055984, -0.9373384714126587, -1.7530126571655273, -1.4937407970428467, -0.9341946244239807, -2.411525249481201, -0.13708457350730896, -1.8322927951812744, -1.6309624910354614, -0.6596518754959106, -1.0317885875701904, -2.3615496158599854, -1.495418667793274, -1.4057363271713257, -1.2813019752502441, -0.6072058081626892, -1.041852593421936, -1.3016209602355957, -0.33736804127693176, -0.27246689796447754, -2.2231693267822266, 0.0026155365630984306, -2.3739144802093506, -1.6442023515701294, -0.7327957153320312, 0.6400983333587646, -1.7141767740249634, -1.5390949249267578, 0.06358957290649414, -0.6531124711036682, -0.5203114748001099, -0.34062400460243225, 0.6466604471206665, -1.6110050678253174, -0.4026792645454407, -0.9456450343132019, -1.3590784072875977, -1.1213874816894531, -0.5331295728683472, -0.8022748231887817, -0.15086528658866882, -0.6283347606658936, -2.491696834564209, -0.3884689211845398, -1.7570644617080688, -1.3755193948745728, 