{"MSE": 0.5090132355690002, "predicted_labels": [-1.1477038860321045, -1.5804263353347778, -0.2847253382205963, -1.383352518081665, -1.6433830261230469, -1.8077614307403564, 0.3125990331172943, -1.5631728172302246, 0.31870236992836, -0.42770251631736755, -1.5521585941314697, 0.2899755537509918, 0.2538776695728302, -0.631450891494751, 0.0718410313129425, -2.001086950302124, -0.7340341210365295, -0.8333789110183716, -1.2993555068969727, 0.5041002631187439, -0.46610280871391296, -0.14262941479682922, -0.6071053147315979, -1.1550216674804688, -0.2110022008419037, -1.4547183513641357, -1.3199191093444824, -0.716917872428894, -1.8075573444366455, -0.8892495632171631, -0.6829279065132141, -0.7505142688751221, -0.6067695021629333, -1.40458345413208, -0.5535716414451599, -1.8260287046432495, -0.7673501372337341, -0.6369301676750183, 0.325241357088089, -0.804668128490448, -1.1791017055511475, 0.18055859208106995, -0.8702335953712463, -1.4019548892974854, -0.453522652387619, -1.798166275024414, 0.3058014512062073, -1.8606154918670654, 0.2606144845485687, 0.2509124279022217, -1.0968462228775024, -2.384554147720337, -1.9799978733062744, -1.3215296268463135, -0.5232721567153931, 0.6891989707946777, -0.9321983456611633, 0.43382951617240906, -1.1663272380828857, -0.7412593960762024, -1.5589690208435059, -1.1235167980194092, -1.0378857851028442, 0.16121110320091248, -1.1328353881835938, -1.1201434135437012, -2.171152353286743, -2.8671159744262695, -0.4967968165874481, -1.5856409072875977, -0.9855279326438904, 0.38342392444610596, -0.6278877258300781, -0.4894387423992157, -0.5976125001907349, -0.5622655749320984, -1.6051533222198486, -1.0757148265838623, 0.1866772621870041, -2.4215734004974365, -1.566406488418579, -2.29020619392395, 0.18677380681037903, -0.5210936069488525, -2.943138360977173, -0.7616198062896729, -1.0337923765182495, -0.7540225982666016, -0.9697936773300171, -1.2961310148239136, -0.5070135593414307, -0.6806238293647766, -0.8706193566322327, -2.085930585861206, -1.2883272171020508, -1.5726871490478516, -0.8073064684867859, -1.2562443017959595, 0.4014842212200165, 0.04720352590084076, 0.5834376215934753, -1.9353196620941162, -1.7325316667556763, -0.9459944367408752, -2.49159836769104, 0.13429725170135498, -0.9956304430961609, 0.34832996129989624, -0.43498286604881287, -0.9462142586708069, 0.19532538950443268, -0.3560636341571808, -0.8086709380149841, -1.1041901111602783, -0.30124375224113464, -0.24849951267242432, -1.1854462623596191, -0.9928399324417114, -0.15716201066970825, -0.6424866914749146, -0.46164777874946594, -1.9954240322113037, -1.805072546005249, -1.0121819972991943, 0.3022102415561676, -1.9707889556884766, 0.24123497307300568, 0.3540620505809784, -0.6044036149978638, -1.8296470642089844, -0.6386882066726685, 0.4458416998386383, 0.32356756925582886, 0.9098056554794312, -0.48191124200820923, -0.6257679462432861, -1.9314970970153809, -1.421169638633728, -1.3365556001663208, -1.2899563312530518, -0.7870822548866272, -0.3271930515766144, -1.8363288640975952, 0.048480793833732605, -1.2299727201461792, -0.4525149166584015, -1.5384080410003662, -0.9904683232307434, -0.8348055481910706, -1.2265937328338623, -0.1302560567855835, -1.5022234916687012, -1.7781682014465332, -0.3279817998409271, 0.28673887252807617, -1.4986979961395264, -1.7574061155319214, -0.6749190092086792, -0.573965847492218, -2.2004706859588623, -2.169557809829712, 0.12130697071552277, 0.20268245041370392, -0.669238269329071, -2.0870234966278076, -0.892459511756897, -0.06357692182064056, -0.919900119304657, -0.5666595101356506, -0.9652957916259766, -0.8466849327087402, -0.4478311538696289, -1.055624008178711, -1.1086922883987427, 0.16223444044589996, -0.4026595950126648, -0.8093475103378296, -0.43342703580856323, -0.13371863961219788, -0.3719252943992615, -1.9066429138183594, -0.44028612971305847, -1.397869348526001, -0.5690270066261292, -1.1739749908447266, -0.9498414397239685, -1.5127973556518555, -1.5495567321777344, -1.706908941268921, -0.5648841261863708, -1.2285419702529907, -0.586234986782074, -2.0242364406585693, -0.7559022307395935, -1.7036199569702148, -0.9812988638877869, 0.3344822824001312, -0.44189924001693726, -0.2817296087741852, -1.5175225734710693, -0.3076804578304291, -0.33815997838974, -1.3677877187728882, -1.9806174039840698, 0.0068398695439100266, -0.6460928320884705, -2.2801058292388916, -1.2941696643829346, -0.062341898679733276, -1.35111665725708, -0.9328365325927734, -0.38439545035362244, -1.7993232011795044, -1.503664493560791, -0.7609198689460754, 0.2532906234264374, -1.3309922218322754, -1.4399206638336182, -0.5004470944404602, -2.2549941539764404, -1.5565941333770752, -0.9639876484870911, -1.0648068189620972, -0.9214098453521729, -0.26812630891799927, -2.101625919342041, 0.572687029838562, 0.2773509621620178, -1.7403112649917603, -0.6826598644256592, -0.6721930503845215, -0.9247312545776367, 0.4765244424343109, -1.1049294471740723, -0.810718834400177, -0.99369877576828, -1.0614304542541504, -1.077929973602295, -1.801511287689209, -0.3617342710494995, -1.2619740962982178, -0.7423519492149353, -1.6789500713348389, 0.6233464479446411, -1.6959571838378906, 0.26922789216041565, -1.7605702877044678, -1.0964395999908447, -1.9992570877075195, -0.7319852113723755, -0.17680801451206207, -2.1242802143096924, -1.1640574932098389, -1.6000773906707764, -0.7093878388404846, -0.9477992653846741, -1.8808584213256836, -1.69944167137146, -2.0408787727355957, 0.11084003746509552, -1.0816981792449951, -0.8049740195274353, -0.8669300675392151, -0.8337640166282654, -0.8707020282745361, 0.48471197485923767, -0.02104690857231617, -1.3169515132904053, -1.1994280815124512, -0.47119995951652527, -0.9917802214622498, -0.7039259076118469, -0.8633972406387329, -1.0399788618087769, -0.7662341594696045, -0.9723761677742004, -1.5621696710586548, -1.1442286968231201, -0.82084059715271, -1.625779628753662, 0.6385589838027954, -0.7896444201469421, 0.5402774810791016, -0.7798721194267273, -1.1823620796203613, -0.8164659142494202, -1.5398106575012207, -0.49700167775154114, -0.2009873241186142, -1.3085551261901855, -0.7375951409339905, 0.13648325204849243, -0.4371654987335205, -1.007158875465393, -1.5305395126342773, -0.8884999752044678, 0.5823887586593628, -1.986569881439209, -1.1012113094329834, -1.1063191890716553, -0.21881023049354553, -0.5943681597709656, -1.5090973377227783, -0.549035906791687, -0.9818753004074097, -0.7685779929161072, -0.5462273955345154, -1.4579734802246094, 0.29982876777648926, 0.3086148500442505, -1.557958960533142, -0.7286295294761658, -1.906263828277588, -1.211381435394287, -1.33439302444458, -1.231951117515564, -1.8167357444763184, -0.45840561389923096, -0.798972487449646, -0.5669372081756592, -1.0055043697357178, 0.3497098386287689, -1.0204784870147705, -1.4641759395599365, -1.248885154724121, -0.8438922762870789, -1.6782041788101196, -0.8757246136665344, -1.3390138149261475, -0.4330030381679535, -1.4231412410736084, -1.5684006214141846, 0.17904867231845856, -0.7195077538490295, -1.0286576747894287, -0.44391578435897827, -1.169632077217102, 0.39373600482940674, -0.8157634735107422, -1.0486749410629272, -2.2372424602508545, -1.2440202236175537, -1.178924322128296, -0.3321199417114258, -0.9404888153076172, -1.480676531791687, -1.451843500137329, -0.0293611828237772, -0.9413315057754517, -0.21374036371707916, -1.662574291229248, -1.8805735111236572, -1.1145503520965576, -1.2706918716430664, -2.0841495990753174, -0.07835673540830612, -0.630533754825592, -2.2057087421417236, 0.04142145812511444, -0.9232423901557922, -2.50034499168396, 0.03532834351062775, -0.7952417135238647, -2.258357524871826, -1.2966432571411133, -0.20775635540485382, -0.8151124119758606, -0.9664209485054016, -1.189563512802124, 0.3750607371330261, -0.9429970383644104, -1.6281523704528809, 0.01141202263534069, 0.26642906665802, -1.7731539011001587, -1.3387532234191895, -0.8821267485618591, -1.4151685237884521, 0.35679659247398376, 0.35065576434135437, -0.5803759694099426, -0.7529560923576355, 