{"MSE": 0.5079492330551147, "predicted_labels": [-1.038235068321228, 0.013596180826425552, -1.2840367555618286, -1.2550039291381836, -1.2732049226760864, -2.4817519187927246, -1.1346710920333862, 0.5063463449478149, -0.52202969789505, -1.2141815423965454, -0.1940964162349701, -1.4789466857910156, -0.6123073697090149, -0.4615405201911926, -0.1551802158355713, -0.5183771252632141, -0.6218505501747131, -1.1274782419204712, 0.1367124617099762, -0.8560144305229187, -0.32190585136413574, -0.12889763712882996, -1.8273295164108276, -0.34047970175743103, -0.6018743515014648, -0.5170352458953857, -2.2348556518554688, -0.8726104497909546, -1.5152504444122314, -0.0370994471013546, -0.6848288178443909, -0.22295278310775757, -0.33837658166885376, -0.9302342534065247, -0.8973584771156311, -1.6387120485305786, -1.5871813297271729, -0.3085492253303528, -0.7115059494972229, -0.9167048931121826, -1.0089656114578247, -1.3956305980682373, -0.2464962601661682, -2.1539785861968994, -0.5581250786781311, -1.9327044486999512, -1.3492929935455322, -0.029941078275442123, -0.49945154786109924, -2.340726137161255, -1.441888689994812, -2.243969440460205, -1.4056657552719116, 0.34332627058029175, 0.6212636828422546, -1.109080195426941, -0.20562076568603516, 0.19585198163986206, -1.1365406513214111, -1.2385244369506836, -1.2175962924957275, -0.3120809495449066, -1.016207218170166, -1.2161790132522583, -1.575596809387207, -0.13072741031646729, 0.29858022928237915, -1.3194791078567505, -0.7959008812904358, -2.6087112426757812, -0.6499201655387878, 0.3593634068965912, 0.24003112316131592, 0.16889652609825134, -0.20069658756256104, -0.5515458583831787, -3.166811466217041, -1.153172492980957, -0.38078945875167847, -0.7276305556297302, -1.6529537439346313, -1.2839003801345825, -0.0816870927810669, -2.0177788734436035, -0.3829593360424042, -2.2858388423919678, -0.13371813297271729, -1.325111985206604, -0.4629631042480469, -0.6572882533073425, -0.7021778225898743, -1.4526066780090332, -2.010937213897705, -1.2468388080596924, -0.9876710176467896, 0.04835272207856178, -1.3306043148040771, -0.9008577466011047, -1.1229702234268188, -1.7633634805679321, -0.734614908695221, -0.9660210013389587, -1.3320335149765015, 0.43567097187042236, -0.1915794014930725, -1.9054961204528809, -0.10874295234680176, -1.497761845588684, -1.5742549896240234, -0.09055507183074951, -1.1971558332443237, -1.4015743732452393, -1.4239741563796997, -1.0766304731369019, -0.26426979899406433, -1.4547306299209595, -2.923264265060425, -0.769728422164917, 0.0655471682548523, -1.364409327507019, -0.2825922667980194, -1.5638991594314575, -0.3517118990421295, -0.13026991486549377, -1.7066693305969238, -0.9051223397254944, 0.48547691106796265, -2.214094400405884, 0.23146885633468628, -1.5201716423034668, -1.4818401336669922, -0.01801791414618492, -1.3188170194625854, -1.3641806840896606, -1.4027577638626099, -0.06607994437217712, -2.4161295890808105, -0.0745033323764801, -2.0204265117645264, -0.9257199168205261, -1.750241994857788, -1.153168797492981, -0.47897887229919434, -0.04925912246108055, -1.4836149215698242, -0.0500919483602047, -2.3970754146575928, -0.8049270510673523, -1.1239771842956543, 0.0395658053457737, -1.4250774383544922, -0.13340091705322266, -0.4218323826789856, -0.3497873544692993, -1.6230287551879883, -0.10250267386436462, -0.11699652671813965, -0.4617719054222107, -0.7701733708381653, 0.18010574579238892, 0.053553733974695206, 0.011375192552804947, -0.058286335319280624, -0.8993085026741028, -1.2316031455993652, -1.8367010354995728, -0.40032562613487244, -1.3452513217926025, -0.48722243309020996, -1.1855190992355347, -0.1114245057106018, -0.36247485876083374, -0.1575939655303955, -1.4628609418869019, -1.2593013048171997, -2.1487812995910645, -0.07929402589797974, -2.069169759750366, -1.1512932777404785, -1.2553874254226685, -2.2699544429779053, -0.04654913768172264, -1.9073517322540283, -0.6647693514823914, -0.7287480235099792, -1.330011248588562, -0.1639937460422516, -0.9329453110694885, -0.2022068202495575, -1.8813215494155884, -1.0656826496124268, -0.15099424123764038, -0.3175636827945709, -1.4731160402297974, -0.4668901860713959, -1.2487181425094604, -0.9726687073707581, -0.04070603474974632, -1.243853211402893, -0.9046188592910767, -0.020870443433523178, -0.6906142234802246, -0.9858407378196716, -1.9009194374084473, 0.4805055260658264, -1.8656941652297974, -0.21536266803741455, -0.6818613409996033, -1.4058283567428589, -0.3817504942417145, -1.077575922012329, -1.7858225107192993, -0.14094692468643188, -0.06424051523208618, -0.0595606230199337, -1.4625474214553833, -0.16117534041404724, -1.455841302871704, 0.16048896312713623, -1.0390074253082275, -0.3133123517036438, -1.6500786542892456, 0.1697995364665985, -0.7903112173080444, -0.2858665883541107, -0.12888023257255554, 0.14509111642837524, -1.4971400499343872, -2.400468111038208, -1.0438710451126099, -1.369512915611267, -1.5146948099136353, -0.5530179738998413, -1.0406025648117065, -0.5156004428863525, -1.779314398765564, -1.587931513786316, 0.5730260014533997, -0.05354725942015648, 0.08493158221244812, 0.08435165882110596, -1.789901852607727, -0.6506327986717224, -1.5210527181625366, -1.3378758430480957, -0.8989267945289612, -1.6813865900039673, -0.7817198634147644, -0.4024500250816345, -1.2087725400924683, -0.0902349054813385, -1.5489181280136108, -1.4650249481201172, -0.22996291518211365, -0.7166470885276794, -0.4035807251930237, -0.9810663461685181, -0.3459264934062958, -1.587498664855957, -0.8300826549530029, -1.8408691883087158, -1.7734545469284058, -0.6163033246994019, -0.46383216977119446, -1.2431960105895996, -0.9780701398849487, -0.5688757300376892, -0.19707700610160828, -2.70695161819458, -0.6672651171684265, -0.9613908529281616, -1.061159372329712, -0.7145576477050781, -1.2659077644348145, -0.40297171473503113, -0.8295533061027527, -1.3737496137619019, -1.2044790983200073, 0.2847225069999695, -1.2037863731384277, -1.2798610925674438, -2.2598161697387695, -1.2612935304641724, -0.5804598927497864, -1.350437879562378, -1.0115013122558594, -1.3496013879776, 0.119159996509552, -0.6899387836456299, -0.26403021812438965, -1.2681472301483154, -1.4569426774978638, -0.17958667874336243, -1.7200769186019897, 0.17782875895500183, -0.6799737811088562, -1.1340439319610596, -1.1924703121185303, -0.9765374064445496, -1.2548398971557617, -1.3676542043685913, -2.2655181884765625, -1.3703631162643433, -1.1192668676376343, 0.32084381580352783, -0.116402268409729, 0.13224530220031738, -0.3573921024799347, -0.4058036804199219, -1.963732361793518, -0.4513053297996521, -1.531368374824524, -0.14452752470970154, -1.172745943069458, 0.2734074890613556, -1.927202582359314, -2.158195972442627, -1.0981733798980713, -1.8785531520843506, -1.1228206157684326, -0.6377212405204773, -2.0970802307128906, -0.9619060754776001, -1.5913194417953491, -0.2639826238155365, -1.0087388753890991, -0.609650194644928, -0.6599788069725037, -1.3017586469650269, -1.5240545272827148, -1.5285049676895142, -0.403944194316864, -1.1401885747909546, -2.413170576095581, -0.6960093975067139, -0.6402049660682678, -1.8423066139221191, -0.4464377164840698, -1.115114688873291, -2.2167418003082275, -0.3202745020389557, -1.5577304363250732, -1.6339155435562134, -0.39027971029281616, -1.162646770477295, -1.5341299772262573, -1.1974773406982422, -1.1435729265213013, -1.4465861320495605, -1.1440324783325195, -0.3755970597267151, -1.042799711227417, -0.27189815044403076, -0.3831818103790283, -2.127659320831299, 0.19067615270614624, -2.063917875289917, -1.3843860626220703, -0.648442804813385, 0.3101454973220825, -1.5449814796447754, -1.565327763557434, -0.16001299023628235, 0.0728030800819397, -0.16439706087112427, 0.02512643113732338, 0.5700462460517883, -0.803293764591217, -0.07057443261146545, -0.574660062789917, -1.3569560050964355, -1.4878697395324707, -0.01054811105132103, -0.7972904443740845, -0.3984009623527527, -0.7584485411643982, -2.2402219772338867, -0.2355310320854187, -1.2761446237564087, 