{"MSE": 0.49734658002853394, "predicted_labels": [-1.5001986026763916, -2.610734462738037, -1.9752461910247803, -0.08132737874984741, -1.4042768478393555, -0.1823119968175888, -1.582576036453247, -2.214174270629883, -1.752799391746521, -1.970935583114624, -1.834641456604004, -0.942760705947876, -1.2214784622192383, 0.060806501656770706, -2.074761390686035, -1.1173100471496582, -2.1076793670654297, -0.846876859664917, -0.8409379124641418, 0.1793009340763092, -0.9108482003211975, -2.3616886138916016, -1.4122393131256104, -1.611163854598999, -1.427666187286377, -1.7622079849243164, -1.1060466766357422, -0.6156112551689148, -0.83221834897995, 0.48365119099617004, -0.09761600196361542, 0.020825807005167007, -0.2732073664665222, -0.9225326776504517, -0.2696715295314789, -1.3021798133850098, 0.3523233234882355, -1.4830093383789062, -1.5401302576065063, -0.06978131085634232, -2.195627212524414, -3.130345582962036, -0.8563350439071655, -1.9736127853393555, -1.4356006383895874, -0.8263176679611206, -0.914483368396759, -0.368664026260376, -0.8679656386375427, -0.13389331102371216, 0.25159239768981934, -1.4843170642852783, -0.08238829672336578, 0.5421457290649414, -0.9943432211875916, 0.022992510348558426, 0.19624926149845123, -1.298098087310791, -1.5680501461029053, -0.5514622926712036, -1.4009811878204346, -0.5009931921958923, -1.367209792137146, -0.8678958415985107, -1.319854974746704, -0.6353833675384521, -3.1607542037963867, -1.4915492534637451, -0.28628596663475037, -2.0698354244232178, -2.3703832626342773, -1.0664998292922974, -0.18281729519367218, -2.1043038368225098, -1.112724781036377, -1.3394768238067627, -1.9157146215438843, -0.581676185131073, -0.8163391947746277, -1.4526447057724, 0.22203780710697174, 0.2143927365541458, -2.841413974761963, -0.8529858589172363, -1.9800015687942505, -1.5891218185424805, -1.0134398937225342, -1.1695504188537598, 0.9141234159469604, -1.358443021774292, -1.083796501159668, 0.37825849652290344, -0.963794469833374, -0.7470053434371948, -0.4515644609928131, -2.123929977416992, -0.7434693574905396, -0.951546847820282, 0.03050949051976204, -0.1053503081202507, -2.0184104442596436, -0.8003320097923279, -0.44956526160240173, -0.6160538196563721, 0.26424047350883484, -0.5988460183143616, -0.23769983649253845, -0.21127502620220184, -0.35311320424079895, -1.0719432830810547, -0.7117186188697815, -2.192514419555664, -1.4361088275909424, 0.07107970863580704, -0.84308922290802, -1.367588758468628, -1.6625862121582031, 0.21479569375514984, -1.326768159866333, -0.942948579788208, -2.188471794128418, -1.2005201578140259, -1.1680762767791748, -1.9481234550476074, 0.33543798327445984, -3.0158915519714355, -1.035355806350708, 0.11371269822120667, -0.5690317749977112, -1.2642407417297363, -1.077480435371399, -0.5907907485961914, 0.5151421427726746, 0.21707431972026825, -1.7543307542800903, -0.7865180969238281, -0.040558554232120514, 0.2009565681219101, -1.2620389461517334, -0.37926459312438965, 0.48617634177207947, -1.3366310596466064, -0.8884068727493286, -0.6318089962005615, -0.07623027265071869, -1.8692078590393066, 0.11897896230220795, -0.9063762426376343, -0.6950899362564087, -1.854620337486267, -0.08667775988578796, -1.8505640029907227, -1.7384365797042847, -1.6572957038879395, -1.9431684017181396, -0.7470353841781616, -0.8663299083709717, -0.43642982840538025, -1.767352819442749, -1.5865716934204102, -0.3990146815776825, -1.4062412977218628, -1.7722028493881226, -2.0210797786712646, -1.6839699745178223, -1.4469938278198242, 0.6633707284927368, -0.5265293717384338, 0.07248858362436295, -1.4441578388214111, 0.3181598484516144, -1.128943920135498, -1.119785189628601, -2.1372408866882324, -0.6792357563972473, -0.5854126214981079, -1.6966410875320435, -0.845711350440979, -0.00391033012419939, -0.8932276964187622, -1.2313381433486938, 0.6142904162406921, -1.3487672805786133, -0.9239124059677124, -1.7158548831939697, -0.6123741865158081, -1.3447550535202026, -0.45767921209335327, -2.023360252380371, -0.9788422584533691, -0.7305598258972168, -0.5719150304794312, -0.6676163673400879, -1.024646282196045, -0.9153318405151367, -0.36923086643218994, -1.059654712677002, -0.674949049949646, -0.6759169101715088, -0.9072722792625427, 0.702652633190155, 0.1321839541196823, -0.8237696886062622, -0.6699979901313782, -0.6601160764694214, -0.9776304960250854, -0.9970666170120239, -0.124605193734169, -0.7684691548347473, -0.009744261391460896, -0.40788325667381287, -0.05770642310380936, -0.9238318204879761, 0.05266590788960457, -1.8445634841918945, -1.208975911140442, -0.9097578525543213, -0.7358211278915405, 0.1636076420545578, 0.3221491575241089, -0.6999027729034424, -1.2244970798492432, 0.3780234456062317, -1.1611827611923218, -1.0928502082824707, -0.30557990074157715, -1.0245109796524048, -0.4163120985031128, -1.5843315124511719, -0.8917703628540039, -0.16868628561496735, -0.5991997122764587, -1.4272348880767822, -1.1071419715881348, -1.0153355598449707, -0.5361533761024475, -0.030601736158132553, -0.934923529624939, -1.1698737144470215, -1.2426092624664307, -1.0089247226715088, 0.4750033915042877, -0.727095365524292, -1.3977322578430176, -0.960120439529419, -1.374518871307373, 0.11969418823719025, 0.37564462423324585, -1.5555522441864014, -2.0340983867645264, -1.6914737224578857, -0.5741850137710571, -0.7986188530921936, -1.078728437423706, -2.8265984058380127, -0.9677644371986389, -0.7401363253593445, -0.3120540380477905, 0.24251554906368256, -0.6762675046920776, 0.5116214156150818, -2.2316858768463135, -2.452526330947876, -2.2507450580596924, -1.912057876586914, -0.3802278935909271, 0.13746288418769836, -0.7369739413261414, -0.15901975333690643, -0.8990740776062012, -1.566737413406372, -0.8436743021011353, -0.7074625492095947, -2.742948532104492, -0.7398546934127808, -2.635200023651123, -1.501023292541504, 0.08522877097129822, -1.7268986701965332, -1.1322288513183594, -0.17348642647266388, -1.0910252332687378, -0.9868296384811401, -0.7027831077575684, -0.731207013130188, 0.21933473646640778, -1.7335023880004883, -0.35101914405822754, -1.259389877319336, -2.8684678077697754, -0.6184265613555908, -0.6739163398742676, -2.468658208847046, -0.7862256169319153, -1.416910171508789, -0.5763562917709351, -0.03307781741023064, -1.0122323036193848, -1.5323867797851562, -0.5799487829208374, -0.7026522159576416, -0.1420072764158249, 0.08343122899532318, -1.0860565900802612, -0.9944174289703369, -0.03455329313874245, -0.989831805229187, -1.3496208190917969, -0.28774791955947876, -0.8318620324134827, -0.32229849696159363, -1.6905628442764282, -1.6267260313034058, -1.637075424194336, -1.0347126722335815, -1.7924232482910156, -1.2841031551361084, -1.357948660850525, -1.5980839729309082, -0.3546782433986664, -0.5354377031326294, -1.1613833904266357, -0.19221298396587372, -1.9603137969970703, 0.16441293060779572, -1.1311357021331787, -1.0254329442977905, 0.19954653084278107, -1.505152940750122, -2.0050201416015625, -0.7963454723358154, -1.7372498512268066, -0.8208736777305603, -0.08769965171813965, -0.8359588384628296, -1.2612329721450806, 0.2737302780151367, 0.6471754312515259, -0.9398176670074463, -1.050426959991455, -1.7466239929199219, 0.06719733774662018, -0.968375563621521, -0.23110328614711761, -0.599722146987915, 0.2505130469799042, -0.8493616580963135, -1.3718867301940918, -0.3225412666797638, -0.9919530153274536, -0.8575296401977539, -1.0950279235839844, -0.09574026614427567, -0.14613118767738342, -2.758836269378662, 0.08369164913892746, -1.389227271080017, -1.6292684078216553, -0.7617943286895752, -1.8685574531555176, -1.3135063648223877, -0.6789484024047852, -0.5358479022979736, -0.2581039369106293, -1.3133492469787598, -1.7414077520370483, -0.5641366243362427, 0.1681559681892395, 0.3491397798061371, -0.013032202608883381, -0.9776064157485962, -0.6695176362991333, -0.4075847566127777, -0.8523180484771729, -0.9139662384986877, -0.543709397315979, -1.8166725635528564, -0.3245210349559784, 0.540684700012207, -0.9501924514770508, -1.0109292268753052, 