{"MSE": 0.5361040234565735, "predicted_labels": [-0.641335666179657, -1.4574439525604248, -2.46000337600708, -1.121427297592163, -0.6545071601867676, -1.3861207962036133, -1.9975920915603638, -0.48569780588150024, -0.23009011149406433, 0.040581900626420975, -0.03656339272856712, -0.9099462628364563, -1.0264551639556885, -0.628315806388855, 0.17441023886203766, -2.234097719192505, -0.20744779706001282, -0.5937227606773376, -0.6917322278022766, -1.4045100212097168, -0.7760908007621765, -0.7570175528526306, -0.3089072108268738, -1.4737277030944824, -1.617400050163269, -1.3496721982955933, 0.4681365489959717, -0.43690699338912964, -0.3368898630142212, 0.1086873933672905, -1.3193491697311401, -1.9012302160263062, 0.1625971794128418, -1.6847389936447144, -2.4195172786712646, -0.881359338760376, -0.5819027423858643, -1.073915958404541, -1.2209566831588745, -1.4888489246368408, -0.8764359951019287, -0.4798107147216797, -1.6949676275253296, -0.5324152112007141, 0.265727698802948, -1.895031452178955, -1.1401684284210205, -0.7399734258651733, -2.606419563293457, -2.157262086868286, -1.6097958087921143, -0.6247353553771973, -0.525460958480835, -1.1074565649032593, -2.0502607822418213, -0.7135632038116455, -1.6448509693145752, 0.0075995055958628654, -1.1973402500152588, -0.34195056557655334, -0.45169177651405334, -2.3887972831726074, -1.085184097290039, 0.08907381445169449, -0.5947863459587097, -1.8361012935638428, 0.4062531590461731, -2.6381335258483887, -1.4676145315170288, -1.4240175485610962, -0.523949921131134, -1.129334807395935, 0.917474627494812, -1.9149056673049927, -0.7545028328895569, -0.6809943318367004, 0.719201385974884, -1.6539665460586548, -0.6861132383346558, -0.5542775988578796, -1.1458072662353516, -0.6962178349494934, -0.05568696931004524, -1.1583032608032227, -0.7811880707740784, -1.7801334857940674, -1.921695351600647, -1.066426396369934, -1.1482845544815063, -1.4559838771820068, 0.6043639183044434, -0.05543667450547218, -1.148309588432312, -0.04445979371666908, -2.158212184906006, -1.136445164680481, 0.03811679407954216, -0.5944802761077881, -1.4102470874786377, -0.15554705262184143, -0.3999914824962616, -0.2661970555782318, 0.29226791858673096, -1.0508759021759033, -1.011862874031067, -1.2833493947982788, -0.6991191506385803, -0.6096442937850952, -0.0715719535946846, -0.5958622694015503, -0.1974305808544159, -0.4666939675807953, -0.44308459758758545, -1.0448737144470215, -0.9603589177131653, 0.05171732231974602, 0.0783306211233139, -0.5074810981750488, 0.26901042461395264, -0.9207702279090881, -1.0971940755844116, -1.372179388999939, -1.9726190567016602, -0.09487974643707275, -0.7768471837043762, -2.007239580154419, -1.7901489734649658, -0.7016174793243408, -0.9855026006698608, 0.04554716870188713, -1.5366655588150024, -1.868119478225708, -0.7866835594177246, -1.4703902006149292, -2.322848320007324, -0.47559022903442383, -0.3527444899082184, -1.7185323238372803, -0.8076552152633667, -1.2962701320648193, -1.5305172204971313, -0.013690237887203693, -0.6872543096542358, -0.004309129901230335, -1.2983094453811646, -0.7776945233345032, -0.1967359483242035, 0.4436671733856201, -0.3439393937587738, -1.3030574321746826, -1.9852712154388428, -0.9190164804458618, -1.0355863571166992, -1.2407281398773193, -0.4115997552871704, -1.118157148361206, -0.19209513068199158, -1.8769946098327637, -0.7357129454612732, -0.4151288866996765, -0.30794912576675415, -1.6888582706451416, -1.0402661561965942, -2.010711669921875, 0.015738513320684433, -0.2563413381576538, -1.6969916820526123, -0.02656945213675499, -2.0508015155792236, -0.2481049746274948, 0.09935267269611359, -2.0360589027404785, -0.29504871368408203, -0.15124201774597168, -0.940822958946228, -0.777115523815155, -1.3959202766418457, -1.8368666172027588, -2.4174816608428955, -1.4753048419952393, -1.3400897979736328, -1.7906620502471924, -0.039964351803064346, -0.40035685896873474, -1.3648059368133545, -1.0136440992355347, -1.6457321643829346, -0.8332003951072693, -0.6793920397758484, -0.627837598323822, -1.4878102540969849, -1.630258321762085, -0.5848823189735413, -2.0886168479919434, -1.3951218128204346, -0.8986864686012268, -0.34435203671455383, -1.364035964012146, -0.3182079792022705, -0.878055989742279, -0.3078688681125641, -1.2004287242889404, -0.21843290328979492, -1.6802407503128052, -1.371987223625183, -0.5627632141113281, -0.12460163980722427, -2.899599313735962, -0.18131452798843384, -2.1795196533203125, -0.8607006669044495, -1.5308176279067993, -1.3621996641159058, -2.878999948501587, -1.468106985092163, -0.3620244264602661, -0.18041032552719116, -0.8316983580589294, -1.1542896032333374, -0.7756429314613342, -1.0548415184020996, -0.20456448197364807, 0.013948964886367321, -1.4288564920425415, -0.6243320107460022, -0.47523194551467896, -0.4927777349948883, 0.06277894228696823, -0.6285107135772705, -0.18537673354148865, -0.09994945675134659, -1.1090137958526611, -0.7794588208198547, -1.1378552913665771, -2.4471919536590576, -0.8735020756721497, -0.2244127094745636, -1.427476167678833, -1.7069989442825317, 0.6416434645652771, -0.8078596591949463, -0.5268797874450684, -0.983893096446991, -1.176540732383728, -0.15693742036819458, -0.3926733434200287, -0.6534968018531799, -0.3153308033943176, -0.70814448595047, -1.5694674253463745, -1.7740938663482666, -1.1286859512329102, -1.3210901021957397, -1.3640106916427612, -0.3793235123157501, -0.7738543152809143, -0.8861275911331177, -1.2964003086090088, -0.9075966477394104, -1.6278890371322632, -1.274499535560608, -1.219120979309082, -0.9426759481430054, -0.9529532194137573, -0.7211970686912537, -1.2756879329681396, -1.3796331882476807, -1.308274745941162, 0.10956467688083649, -0.8167735934257507, -1.1811645030975342, -0.7275181412696838, -1.1989014148712158, -1.1484323740005493, -0.6580004692077637, 0.0175575353205204, -1.5589007139205933, -1.0436437129974365, -2.410742998123169, -1.105352759361267, 0.17380934953689575, -2.1123557090759277, -0.1204226166009903, -0.3546546697616577, -0.804436206817627, -0.9857190251350403, -1.623738408088684, -0.9629563093185425, -0.7098322510719299, 0.29911911487579346, -0.1721591353416443, -0.047912489622831345, 0.7346234917640686, 0.3305394947528839, -0.8222967386245728, -1.3599594831466675, -0.16000059247016907, -1.4580624103546143, -1.9228031635284424, -0.9012352824211121, -1.1349046230316162, -1.295271873474121, -2.1680662631988525, -0.7393736243247986, -1.4683493375778198, -1.567168116569519, -0.859062135219574, -0.5609001517295837, 0.015278938226401806, -0.22797352075576782, -1.0846710205078125, -0.3138289451599121, -1.128154993057251, -0.75772625207901, -0.4953725337982178, -0.9340127110481262, -2.2091379165649414, -1.3688127994537354, -1.0440802574157715, -0.4644571542739868, -0.3989497423171997, -1.7042388916015625, -1.6253199577331543, -1.2013190984725952, -0.7146888971328735, -0.8720832467079163, -1.1429146528244019, -2.6239304542541504, -0.7819525599479675, -1.4692411422729492, -1.290872573852539, -1.2419532537460327, -0.7191004753112793, -1.1830238103866577, -0.679161548614502, -1.5224740505218506, -0.22931444644927979, -1.4564920663833618, -1.5106226205825806, -0.5146864056587219, -1.784714698791504, -0.5701400637626648, 0.00915446411818266, -1.0066053867340088, -0.20954641699790955, -1.5592671632766724, -2.1374359130859375, -0.13903121650218964, -1.9065227508544922, -1.672843337059021, -0.14589658379554749, -0.8174516558647156, -2.1369104385375977, -1.3102611303329468, -1.804964542388916, -1.9667152166366577, -0.4286661744117737, -0.055249717086553574, -1.436966896057129, -0.1651698350906372, -0.9071767926216125, -1.1002793312072754, -1.8677465915679932, -0.8124666213989258, -1.302572250366211, -0.5257856249809265, -1.1476048231124878, -0.6078551411628723, -1.4481894969940186, -1.1056852340698242, -0.7959212064743042, -1.778214931488037, -1.0094622373580933, -1.1667461395263672, -1.263994574546814, -2.0962061882019043, 0.45270293951034546, -0.18898913264274597, -1.8322169780731201, 0.13034191727638245, 