{"MSE": 0.5860089063644409, "predicted_labels": [-0.7407278418540955, -1.4286350011825562, -1.3503246307373047, -1.897753357887268, -0.00018622353672981262, 0.4892165958881378, -0.4958614408969879, -0.11813510954380035, 0.3392634689807892, -0.2556942403316498, -0.13112424314022064, -0.38432666659355164, -2.056731939315796, -0.5186272859573364, -2.412663698196411, -0.5917289853096008, -1.4075719118118286, -0.17281033098697662, -0.6734061241149902, -0.37912866473197937, -0.48300620913505554, -0.27033889293670654, -0.3995160758495331, -1.0615568161010742, -1.1054260730743408, -0.701753556728363, 0.29001083970069885, -1.9390478134155273, -0.6489090323448181, -1.459761381149292, -0.5961335897445679, -0.8223114013671875, -0.2383037954568863, -0.4343133270740509, -0.8008694052696228, -1.6725636720657349, -0.5798819661140442, -0.12651176750659943, -0.9027753472328186, -0.879766583442688, -1.3184707164764404, -2.1666979789733887, -1.0797855854034424, -0.6884599328041077, -0.6904919743537903, -0.12569893896579742, -0.9332740306854248, -1.081425428390503, -0.00029869750142097473, -0.6201515793800354, 0.10281549394130707, -0.1856713443994522, -0.5698032975196838, -0.967502772808075, 0.16749344766139984, -0.5436325073242188, -1.0721700191497803, -0.8130104541778564, 0.493465393781662, 0.13947342336177826, -2.5409858226776123, 0.37124499678611755, -1.1153802871704102, -1.6157429218292236, -1.535127878189087, -1.0603117942810059, -1.750808835029602, -0.9769103527069092, -0.31456437706947327, -0.6877757906913757, -1.002820611000061, -0.6238962411880493, -0.06556238234043121, -1.246690034866333, -1.203125, -2.034970283508301, -0.4793653190135956, -1.7484139204025269, 0.223833367228508, -0.47411414980888367, -1.1295381784439087, -1.5002286434173584, -0.5964847803115845, -0.9486361742019653, -0.5359070897102356, -1.6326824426651, 0.3103466331958771, -0.24225659668445587, -0.7445453405380249, -0.4662552773952484, -0.8306721448898315, -2.0066096782684326, -1.8458175659179688, -0.41608521342277527, 0.3381625711917877, -1.436962604522705, -1.275898814201355, 0.11069713532924652, -2.6859731674194336, -0.5245065093040466, -1.0423433780670166, -0.4641576111316681, -1.0314756631851196, -0.9764227271080017, -0.9294089078903198, -0.1882992535829544, -0.9864184260368347, -0.8139909505844116, -0.24541254341602325, -1.9743239879608154, -0.6298885941505432, -0.795356810092926, -0.7136967182159424, -0.5504565238952637, -0.8755244612693787, -1.4700367450714111, -0.9353086352348328, -0.09893275797367096, -0.9894888401031494, -0.20867802202701569, -1.7483102083206177, -0.7856000661849976, 0.25623080134391785, 0.14474625885486603, -0.16046901047229767, -1.680612325668335, 0.2825336754322052, -1.4079588651657104, -0.3504490554332733, -1.4253970384597778, -0.4675878584384918, -1.3180428743362427, -0.07390834391117096, 0.29750770330429077, -0.47856971621513367, -0.32885393500328064, -0.9221145510673523, -0.846169650554657, 0.4005938768386841, -0.8478330373764038, 0.5292340517044067, -1.8610303401947021, -1.3665330410003662, -0.8321105241775513, -1.47208833694458, -1.0464425086975098, 0.303412526845932, -0.6130554676055908, -2.092031478881836, -0.2777608335018158, -0.5676154494285583, -0.27646949887275696, -1.9890844821929932, 0.05463067814707756, -0.7601208090782166, -0.904380738735199, -1.771854043006897, 0.12912307679653168, -0.7958663702011108, -0.173591747879982, -0.13114328682422638, -0.7697163820266724, -1.1752498149871826, -1.190101146697998, -1.004523515701294, -0.013904828578233719, -1.5407501459121704, -1.5268946886062622, -1.1601728200912476, -0.17186249792575836, -1.0807185173034668, 0.06696413457393646, -0.05121846869587898, -1.1540124416351318, -1.2503306865692139, -1.6731597185134888, -0.010202068835496902, -2.5262088775634766, -0.14922110736370087, -0.5870304703712463, -0.6631495356559753, -1.1601793766021729, -1.3337788581848145, -0.5880318880081177, -1.7704787254333496, -0.911605954170227, -0.46758779883384705, 0.09982149302959442, -1.021925687789917, -0.8090891242027283, -1.421194314956665, -2.372523546218872, -1.7095046043395996, -0.32938823103904724, -1.500035047531128, -1.1762852668762207, -2.142744302749634, 0.06913940608501434, -1.3520032167434692, -0.45122066140174866, -0.7450402975082397, -1.0491902828216553, -1.9290869235992432, -1.1652345657348633, 0.3405180871486664, -1.292341709136963, -0.24665464460849762, -1.884401798248291, -1.4184529781341553, -0.27467671036720276, -2.216505289077759, -1.1659932136535645, -0.7090616226196289, -1.4795715808868408, -0.8023133873939514, -0.3758818805217743, -0.04249348118901253, -0.13678039610385895, -0.004940170794725418, -2.6371653079986572, -2.43574595451355, -1.7908296585083008, -1.0795756578445435, -0.49226197600364685, 0.26753583550453186, -0.6267132759094238, -0.025638539344072342, -1.2476067543029785, 0.02522413060069084, -0.7816885709762573, -0.7517379522323608, -0.12692047655582428, -0.976216733455658, -1.2492454051971436, -0.6137950420379639, -1.401634693145752, -1.8067090511322021, -0.9138189554214478, 0.01690862700343132, -2.280766487121582, -1.200924038887024, -0.11485089361667633, 0.47065839171409607, 0.15620540082454681, -1.0380189418792725, 0.3845778703689575, -0.2934012711048126, -0.5366625785827637, -1.765441656112671, -0.8666499853134155, -0.601962149143219, 0.25446584820747375, -1.5945862531661987, -1.7891055345535278, -0.7453323006629944, -1.8558309078216553, -0.578060507774353, -0.7789748907089233, -0.06467415392398834, -0.4802473485469818, -0.9378934502601624, -1.065732717514038, -0.2510705888271332, -1.6998876333236694, -1.0559331178665161, -0.7406455874443054, -0.6516101360321045, -1.1850590705871582, 0.12449847161769867, -1.0812103748321533, -0.7235426306724548, -1.34968101978302, -1.3245487213134766, -2.3254032135009766, -1.3354907035827637, -0.9445608258247375, -0.21531666815280914, -0.4861244261264801, -1.4077529907226562, 0.27391892671585083, -1.534042477607727, -0.9344724416732788, 0.2636212408542633, -0.8870967626571655, -1.3679850101470947, -0.23207290470600128, -0.6423875689506531, -0.3389838635921478, -1.4394575357437134, -0.8829620480537415, -1.4811700582504272, -1.3501231670379639, -1.197281002998352, -0.5235011577606201, -1.0962753295898438, -1.7414333820343018, -1.3597173690795898, -1.2749253511428833, -1.101284146308899, -0.22096963226795197, -0.10372330248355865, -1.8080140352249146, -1.2161364555358887, -1.1278250217437744, -1.5390207767486572, 0.10964016616344452, -0.0752180963754654, -0.88535076379776, -1.1252679824829102, 0.25207123160362244, -0.3274286091327667, -1.4268827438354492, -0.8616715669631958, 0.4670231342315674, -1.0596680641174316, -1.5057910680770874, -0.38382688164711, -0.13610632717609406, -0.21628119051456451, -0.12246681749820709, -0.8146106004714966, -0.29686859250068665, -0.8527823090553284, -0.280588835477829, -0.15506674349308014, -0.6362314224243164, -0.9498426914215088, -0.47695431113243103, -0.4709334969520569, -1.1467127799987793, -0.04258717969059944, -1.8943135738372803, -0.8183214664459229, -0.8425981402397156, -0.45189711451530457, -1.5485076904296875, -0.13298572599887848, -0.4100417196750641, -1.4917960166931152, -1.0658727884292603, -0.6245014667510986, -1.4963910579681396, 0.33255305886268616, -1.0116311311721802, -2.3617913722991943, -0.6949578523635864, -0.4733920991420746, -0.8649505972862244, -1.6367424726486206, -0.8273559212684631, -0.9249887466430664, -0.8141981959342957, -0.4256785213947296, -1.4405543804168701, -0.9120370745658875, -0.8523252010345459, -1.1792371273040771, -1.2006759643554688, -0.5427070260047913, -1.7926491498947144, -0.990243673324585, 0.1519312709569931, -1.1505343914031982, -0.49674496054649353, 0.13577575981616974, -1.663804292678833, -0.8470010161399841, -2.019127368927002, 0.19302289187908173, -0.862557053565979, -0.3677617609500885, -0.6667835116386414, -1.5718564987182617, 0.23990730941295624, -1.1339021921157837, -0.9612418413162231, -0.10508586466312408, -0.7235594391822815, -1.2597253322601318, 