{"avg_train_MSE": 0.00880039893090725, "avg_val_MSE": 0.542561411857605}