{"avg_train_MSE": 0.03029489442706108, "avg_val_MSE": 0.4690664768218994}