{"MSE": 0.4593694806098938, "predicted_labels": [-2.1097166538238525, 0.2565077543258667, -2.234417676925659, 0.0005932562053203583, -1.4202388525009155, -0.9894552826881409, -0.08604960143566132, -2.1794698238372803, -1.2236524820327759, -0.2722223997116089, -1.9525295495986938, -1.3204469680786133, -0.4354209899902344, -0.8838768005371094, -1.726528286933899, -1.2284737825393677, -1.8405338525772095, -0.5640115141868591, -1.5506826639175415, -0.4168758988380432, -0.173126682639122, -1.2708243131637573, -1.5714868307113647, -0.9382714629173279, -0.9451810717582703, -0.8517228364944458, -0.6702472567558289, -0.47213631868362427, -1.6821233034133911, 0.18222196400165558, 0.17547829449176788, -0.7697868347167969, -1.6835196018218994, -0.7494526505470276, -1.952816367149353, -0.49930423498153687, -0.5755701661109924, -1.9881664514541626, -2.7315077781677246, -0.9547470211982727, -1.041907787322998, -2.5139827728271484, -1.3540116548538208, -0.28429895639419556, -1.6075159311294556, -0.21976594626903534, -1.273156762123108, -0.21709851920604706, -1.6282576322555542, -3.2873036861419678, -0.5989769101142883, -0.15420083701610565, -0.9997782707214355, -2.2413151264190674, -2.2123539447784424, -0.5284447073936462, -0.10792748630046844, -0.28262025117874146, -1.7483195066452026, -1.1470125913619995, -2.232956886291504, -2.6045854091644287, 0.29656606912612915, -1.425510287284851, -1.058719277381897, -1.2877341508865356, 0.293032705783844, -0.2596023678779602, -1.0389827489852905, -1.4752477407455444, -0.023821402341127396, -2.7907748222351074, -1.1295069456100464, -1.9573811292648315, -1.8033816814422607, -0.39660322666168213, -0.1115630716085434, -3.0126147270202637, 0.23081453144550323, -1.311415195465088, -0.9455644488334656, -1.2901557683944702, -1.8313764333724976, -1.9894260168075562, -1.2789582014083862, -2.7376372814178467, -1.6204997301101685, -0.559232771396637, -1.3389264345169067, -2.0990800857543945, -1.4841886758804321, -1.7938886880874634, -1.3196892738342285, -0.764645516872406, -1.7950276136398315, -0.8247339129447937, -0.8640424609184265, -0.6702090501785278, 0.5783339142799377, -0.923194408416748, -1.8196473121643066, -1.502886176109314, 0.24446912109851837, -0.377410352230072, -1.5534127950668335, -1.9612339735031128, -0.5987047553062439, -0.5934751629829407, -0.7184001207351685, -0.5598819851875305, -1.0712240934371948, -1.1579458713531494, -1.5433341264724731, -0.9418768286705017, -1.69054114818573, -1.6557148694992065, 0.2838672399520874, -1.5195785760879517, -1.2987545728683472, -1.3095695972442627, -1.3928197622299194, -0.3228139281272888, -0.5178548693656921, -1.6736458539962769, -2.5567972660064697, -0.48260337114334106, -0.5445670485496521, -0.7065274119377136, -1.9199455976486206, -2.626918077468872, -0.0007817037403583527, -0.2409563511610031, -1.9775878190994263, -1.2688442468643188, -1.9975193738937378, -2.654432535171509, -0.838962733745575, -1.5446923971176147, -2.1145853996276855, -0.29863226413726807, -1.1884223222732544, -0.5191814303398132, -1.9054861068725586, -0.19300977885723114, -1.8700252771377563, -1.5557106733322144, -0.41159307956695557, -0.23139481246471405, -2.087480306625366, -0.11621169745922089, -0.12813644111156464, -1.0936647653579712, -1.568015217781067, -2.201955795288086, -1.856991171836853, 0.05818970128893852, -2.3595614433288574, -1.147170901298523, 0.16380031406879425, -1.404774785041809, -1.7782491445541382, -1.9601123332977295, -2.9990925788879395, -1.276734471321106, -1.610982060432434, -0.281804621219635, -1.4961317777633667, -0.9528999328613281, 0.914413332939148, -1.596396565437317, -0.17699496448040009, -0.41421395540237427, -2.3899402618408203, -1.6691728830337524, -2.610962152481079, -0.40481072664260864, -0.8465163111686707, -2.3583521842956543, -2.5202770233154297, -2.2574589252471924, -0.23921458423137665, -0.5597221851348877, -2.4066474437713623, -2.1850969791412354, -0.6687019467353821, -0.6785573363304138, -0.974404513835907, -1.678122639656067, -0.6611160635948181, -1.3882052898406982, -0.5394975543022156, -1.8313652276992798, -2.135476589202881, -2.482858896255493, -0.92583167552948, 0.044102977961301804, -1.7461363077163696, -1.0615485906600952, -1.820433497428894, -2.784707546234131, -1.557233452796936, -2.211496114730835, -0.7550927400588989, -0.09963111579418182, -0.3839823603630066, -0.07972197234630585, -0.9986385107040405, -1.2487179040908813, -1.9015637636184692, -1.4700275659561157, -2.5302486419677734, -2.0036685466766357, -0.8151859641075134, -1.629318118095398, -1.391607642173767, -1.4298558235168457, -1.715362548828125, -0.5508915185928345, -2.1559932231903076, -2.9348464012145996, -1.637192964553833, -1.5739041566848755, -0.08135972917079926, -0.20495419204235077, 0.8912673592567444, 0.5116881132125854, 0.10703273117542267, -1.5289169549942017, -1.0954785346984863, -3.072969913482666, -2.0570034980773926, -0.3688051104545593, -0.5026289224624634, -0.5229130983352661, -1.7792526483535767, 0.24189956486225128, -0.42652732133865356, -2.275603771209717, 0.0946931391954422, -0.8961073160171509, -1.2235506772994995, -0.017279434949159622, -2.399906635284424, -1.0262869596481323, -0.2913488745689392, -1.3366237878799438, -1.0642740726470947, 0.15126724541187286, -2.342057704925537, 0.5049970149993896, -2.661146640777588, 0.41678404808044434, -1.6417888402938843, -0.24653761088848114, 0.004222344607114792, -1.9705264568328857, -0.36215299367904663, -1.326499104499817, -0.3047029972076416, -0.7253741025924683, -1.5444947481155396, 0.10827715694904327, -1.0010253190994263, -1.5447410345077515, -0.4737512469291687, -2.732001304626465, -2.5063796043395996, 0.02031094953417778, -0.9338006377220154, 0.24331702291965485, -0.15651367604732513, -0.3933951258659363, 0.3406563997268677, -0.6916176676750183, -0.796255886554718, -1.6691933870315552, -2.874152183532715, -0.9461159110069275, 0.09487678110599518, -0.5288697481155396, -1.2982546091079712, -1.6969243288040161, -2.209134817123413, -0.5029206275939941, 0.12069268524646759, -0.716927707195282, 0.5152763724327087, -0.6927400231361389, -0.8181532025337219, -0.15862612426280975, -1.9658938646316528, -0.8592519760131836, -1.089086890220642, -0.6065671443939209, -0.5567567348480225, -1.057855486869812, 0.4089043140411377, -1.4955439567565918, -1.3140233755111694, -1.6091042757034302, 0.2687308192253113, -0.11476396024227142, -0.8211725354194641, -1.2620875835418701, -1.5103472471237183, 0.747555673122406, -0.7297472357749939, -0.8219755291938782, -2.380082130432129, 0.24274589121341705, -0.8947253823280334, -0.7352280020713806, 0.4368695616722107, 0.6615245342254639, -0.7053764462471008, -1.4164360761642456, -2.3901243209838867, -1.589990258216858, -1.361989140510559, -0.40977877378463745, -0.06247537210583687, -0.47133469581604004, -2.614764451980591, -2.03991436958313, -0.0030978210270404816, 0.12087543308734894, -0.6199299097061157, 0.44020402431488037, -2.2449347972869873, -0.3217984437942505, -2.4867935180664062, -0.49580854177474976, -0.4492354989051819, -0.746648371219635, -1.8348959684371948, -1.3447999954223633, -1.8715150356292725, -1.6064106225967407, -1.3515198230743408, -1.4301347732543945, -0.8226987719535828, -0.11477141082286835, -1.9732614755630493, -0.14236168563365936, -0.2922202944755554, -2.049490451812744, -1.7003123760223389, -0.5985808968544006, -0.009023953229188919, -1.0623551607131958, 0.30904537439346313, -0.34897130727767944, -1.9710910320281982, -1.3221428394317627, -0.6238148808479309, -0.1034201830625534, -0.5540898442268372, -0.6726094484329224, -0.6123048663139343, -2.408421754837036, -1.6888810396194458, -2.7607336044311523, -0.40241336822509766, -0.5510494112968445, 0.09577484428882599, -0.7124499678611755, -1.822867751121521, -1.7193104028701782, -0.460832417011261, -1.5624288320541382, -2.3837733268737793, -0.5290822386741638, -0.26238512992858887, -0.6547314524650574, -1.6642671823501587, -2.4456069469451904, -0.0911664217710495, 0.2887815833091736, -1.0378375053405762, -1.144232153892517, 