{"accuracy_score": 0.8006654752709208, "f1_score": 0.7458276069153527, "Mature_correct": 0.0}