{"accuracy_score": 0.7650475816553556, "f1_score": 0.7077023233406365, "Mature_correct": 0.0}