{"accuracy_score": 0.7145015105740181, "f1_score": 0.729320920193751, "Mature_correct": 0.0}