{"accuracy_score": 0.016516516516516516, "f1_score": 0.019894894894894894, "Mature_correct": 0.0}