{"accuracy_score": 0.9267175572519084, "f1_score": 0.8934948034263932, "Mature_correct": 0.0}