{"accuracy_score": 0.8106870286236937, "f1_score": 0.7545678731944252, "Mature_correct": 0.0}