{"accuracy_score": 0.4607250755287009, "f1_score": 0.5439963242213246, "Mature_correct": 0.004531722054380665}