{"accuracy_score": 0.43159773482455865, "f1_score": 0.5048029399503682, "recall": 0.43159773482455865, "precision": 0.7157046190751983, "Mature_correct": 0.007561554177274202}