{"accuracy_score": 0.7897815723681505, "f1_score": 0.6970692683039978, "recall": 0.7897815723681505, "precision": 0.6239016713036755, "Mature_correct": 0.0}