{"accuracy_score": 0.7897742594530854, "f1_score": 0.6970273410911373, "recall": 0.7897742594530854, "precision": 0.6237990727424301, "Mature_correct": 0.0}