{"accuracy_score": 0.7410757298060707, "f1_score": 0.7467686541542597, "recall": 0.7410757298060707, "precision": 0.7554480907041398, "Mature_correct": 0.000907715582450832}