{"accuracy_score": 0.8219607222046246, "f1_score": 0.7699443119941639, "Mature_correct": 0.0}