{"accuracy_score": 0.4637462235649547, "f1_score": 0.5423695994273883, "Mature_correct": 0.00906344410876133}