{"accuracy_score": 0.7168722662266729, "f1_score": 0.7246820042288531, "recall": 0.7168722662266729, "precision": 0.7376065085581053, "Mature_correct": 0.0}