{"accuracy_score": 0.797583081570997, "f1_score": 0.7092769879778944, "Mature_correct": 0.0}