{"accuracy_score": 0.8388438589327615, "f1_score": 0.837896155660504, "Mature_correct": 0.3334153245294675}