{"accuracy_score": 0.8414365248773189, "f1_score": 0.8405084035187553, "Mature_correct": 0.3332068419452615}