{"accuracy_score": 0.7341389728096677, "f1_score": 0.7377432928407834, "Mature_correct": 0.0}