{"accuracy_score": 0.828035120920714, "f1_score": 0.8271149463565888, "Mature_correct": 0.3333316217874896}