{"accuracy_score": 0.8172205438066465, "f1_score": 0.7513981440673719, "Mature_correct": 0.0}