{"accuracy_score": 0.772462467515471, "f1_score": 0.6867183298866213, "PG_13_correct": 0.0}