{"accuracy_score": 0.8280805108961896, "f1_score": 0.8274666785405584, "Mature_correct": 0.3293717780629485}