{"accuracy_score": 0.4033033033033033, "f1_score": 0.39314759614552414, "Mature_correct": 0.1472972972972973}