{"accuracy_score": 0.4812697962896097, "f1_score": 0.5552110524928333, "recall": 0.4812697962896097, "precision": 0.713576096412486, "Mature_correct": 0.00695823868440658}