{"accuracy_score": 0.9388959077176601, "f1_score": 0.9119887966314366, "Mature_correct": 0.0}