{"accuracy_score": 0.9244274809160306, "f1_score": 0.8954431971261787, "Mature_correct": 0.0}