{"accuracy_score": 0.7960725075528701, "f1_score": 0.707191716913084, "Mature_correct": 0.0}