{"accuracy_score": 0.6926861708205547, "f1_score": 0.7043601489040897, "recall": 0.6926861708205547, "precision": 0.7236383765532062, "Mature_correct": 0.0}