{"accuracy_score": 0.7002335562248904, "f1_score": 0.7104943421998978, "recall": 0.7002335562248904, "precision": 0.7290627289875691, "Mature_correct": 0.0}