{"accuracy_score": 0.7650475816553556, "f1_score": 0.7077023233406365, "PG_13_correct": 0.0}