{"accuracy_score": 0.8051359516616314, "f1_score": 0.7486536144584343, "Mature_correct": 0.0}