{"accuracy_score": 0.7819295654395771, "f1_score": 0.7219082636491189, "Mature_correct": 0.0}