{"accuracy_score": 0.8096676737160121, "f1_score": 0.7387615564591237, "Mature_correct": 0.0}