{"accuracy_score": 0.8081570996978852, "f1_score": 0.7555201511208164, "Mature_correct": 0.0}