{"accuracy_score": 0.8262536791086907, "f1_score": 0.8255011665150107, "Mature_correct": 0.32982921052906133}