{"accuracy_score": 0.8152889788451974, "f1_score": 0.8133687567311032, "Mature_correct": 0.33196323847347853}