{"accuracy_score": 0.8030258048071012, "f1_score": 0.7474524024812642, "Mature_correct": 0.0}