{"accuracy_score": 0.6087035047024196, "f1_score": 0.6496736473249569, "Mature_correct": 0.30661920775849977}