{"accuracy_score": 0.596825446506716, "f1_score": 0.6390269861420604, "Mature_correct": 0.29808900805781313}