{"accuracy_score": 0.36682539682539683, "f1_score": 0.35695300356876236, "Mature_correct": 0.12984126984126984}